feature	value	beta	contribution
CT_BLCA	0.0	-0.19719248278424645	-0.0
CT_BRCA	0.0	-0.8059251219716307	-0.0
CT_CESC	0.0	0.14457392012248518	0.0
CT_CHOL	0.0	0.5151067279318092	0.0
CT_COAD	0.0	-0.5132106368860141	-0.0
CT_DLBC	0.0	-0.29914745400700926	-0.0
CT_ESCA	0.0	0.8956485765595469	0.0
CT_GBM	1.0	1.6675289491136305	1.6675289491136305
CT_HNSC	0.0	-0.08580676471078887	-0.0
CT_KICH	0.0	-0.7337824597392782	-0.0
CT_KIRC	0.0	0.42720917004336617	0.0
CT_KIRP	0.0	-0.008029202224049972	-0.0
CT_LAML	0.0	2.2624978679708394	0.0
CT_LGG	0.0	0.3888065777977829	0.0
CT_LIHC	0.0	0.7500395097174585	0.0
CT_LUAD	0.0	0.6075627666268405	0.0
CT_LUSC	0.0	0.46952066923744434	0.0
CT_MESO	0.0	0.8221063515617513	0.0
CT_OV	0.0	0.6166429144391811	0.0
CT_PAAD	0.0	0.9484604134471046	0.0
CT_PCPG	0.0	-1.528008700001453	-0.0
CT_PRAD	0.0	-2.0154675177901527	-0.0
CT_READ	0.0	-0.7086421622571457	-0.0
CT_SARC	0.0	-0.16468351542492965	-0.0
CT_SKCM	0.0	-0.12332601644974746	-0.0
CT_STAD	0.0	0.6341384398831459	0.0
CT_TGCT	0.0	-1.5646062049948393	-0.0
CT_THCA	0.0	-1.5151875639394317	-0.0
CT_THYM	0.0	-1.0247311063629743	-0.0
CT_UCEC	0.0	-0.33272546200938147	-0.0
CT_UCS	0.0	0.51298417646064	0.0
CT_UVM	0.0	0.34578124622826883	0.0
Age	0.08785152902069686	0.36735858157590623	0.03227301309031776
Sex	1.0	-0.013065762176898973	-0.013065762176898973
Stage	2.0	0.4665890694721252	0.9331781389442504
Bcell_general	1.5127324655042487	0.05555352476133959	0.08403762047967256
Memory_Bcell	-0.1372999613757053	0.04678865503032683	-0.006424080528485073
Naive_Bcell	-0.5783673492346136	0.02669076524051393	-0.015437067141199407
Plasma_cell	1.0795587243797518	0.023708373593457434	0.0255945815536715
CD4_Tcell	-1.8815970650610132	0.007078206822053764	-0.013318333182271203
CD8_Tcell	0.6694886779778133	-0.06223925804550035	-0.04166847858720201
Memory_Tcell	-1.0945171415554287	-0.07218895607548491	0.07901204985561014
Naive_Tcell	0.8502710474493339	-0.017008228143438615	-0.01446160395877879
Tcell_general	-0.7912347913913862	-0.01571297029259425	0.01243264877159986
Cytotoxic_Tcell	-0.7097429974383473	0.009845190228800187	-0.006987554823339373
Exhausted_Tcell	1.2216225247370287	0.02051799126915059	0.025065240296752056
Immune_checkpoint	-0.12132704146172678	-0.03889542611837743	0.004719066977335909
Treg	0.638589860327236	-0.08993978391894801	-0.05743463405066279
NKcell	0.2551927223176125	-0.00442644916916837	-0.0011295976136806102
Innate_lymphoid_cell	-0.2989304348637141	-0.002201674216906092	0.0006581474310879653
cDC	-0.22558718798911714	0.006406914938614295	-0.001445317924687466
pDC	-0.07264079290455033	-0.017910907741213858	0.0013010625399620232
Macrophage	0.9904610353551252	-0.05857138088974195	-0.05801267055823321
Monocyte	-1.8960310383185988	-0.10222603271436027	0.19382373095059954
Myeloid	-1.2282949107398355	0.003073842989617277	-0.0037755857005602224
Granulocyte	0.4652473955955329	-0.09794334742138147	-0.04556788730370619
Mast	1.1494838229604474	0.13385716056476604	0.1538666406566177
Erythrocyte	1.0409647769773913	-0.02339727345443052	-0.024355737543370306
Platelet	0.2966555744342703	-0.10415140379335046	-0.03089709452045202
Stem	0.38617147402383334	-0.04451119310872727	-0.0171889530533567
Stroma	0.3961677464124415	0.0050252971464180216	0.0019908606455493008
Pericyte	-0.5225663196536795	0.008299334309865708	-0.004336952585882033
Fibroblast	1.0258433289730817	0.009066779897988545	0.009301095673618788
Endothelial	-0.14188817574134338	0.0020228281307631485	-0.00028701539331225473
Epithelial	0.9081306341368144	-0.042363429622301677	-0.03847152820711113
Mesothelial	-0.21279136528868944	-0.01672234567040272	0.0035583707660343995
Adipocyte	-1.3476523050184672	-0.015148851018703209	0.020415383993736734
Hepatocyte	-0.15067815042516608	-0.044581234727382645	0.0067174179923922
Pancreatic	-0.21125657439338444	-0.026240373479584318	0.005543451412099996
Pneumocyte	0.46945612638112283	0.013604231214703891	0.006386589688448046
Apoptosis_pathway	-0.3072498332441735	0.03900962778916679	-0.011985701633138774
IFNg_pathway	-1.0116191693795997	-0.13625884344021966	0.13784205802161992
TGFb_pathway	1.0585461542175103	0.1811484081216706	0.19175395075981844
Cytokine	-0.5574880633581891	0.014621644533962443	-0.008151392294350574
Cell_proliferation	1.626369515232814	0.0396409643337319	0.06447085594681282
TLS	0.8779627540630177	-0.010268646067799245	-0.009015488782183402
Genome_integrity	0.9662723966155727	0.07995001248371958	0.07725349017208867
Reference	0.28793571482276986	0.06917418296254087	0.019917717818600272
