path	size_bytes	sha256
.gitignore	721	884c8e930e7857f45fd7d8829cf2347a38d40697b727d9f77c7a72e12ca9f7fa
ASSET_MANIFEST.tsv	5327	5aa7598415bf4c9d957ff2454af2a8fa3d1599d4b54d07f8ef9c167a2ae0ca80
CITATION.cff	1474	0db1a6b82d79bc9ee2c3701235af200403161804443d6f55405f4de7f1fd25a1
LICENSE	1065	5f0a165ce477c05de66d8d552c6540b831dacd1818590a83562f925919d3c2ff
MANIFEST.in	505	0a9cddfad39f762262ee9eeb296e803e19370ddb5bfff379f8de34b1e0c2d3fb
NOTICE	673	d11bbc542f0da9a7dcb4055ea16095699fc6c583c03063486bd48d9710f5a094
README.md	40481	0ac0b903bede6c076d016e8f736f66c7fb08afbb9ad22f81f1a27237a1cdef28
RELEASE_NOTES_v1.0.0.md	3641	b3dec9ff440d7988ba32be3dc31817502d3ccd7a4288af4beda2ef8f5e86b52e
RELEASE_NOTES_v1.0.1.md	5241	263cbc269ce05afc4f7e6ae451c889ff6a5f3954b947655bbc9cc525ee2da4f0
docs/ADVANCED_USAGE.md	9002	346a5314e52f26ff96c991e6b714ba3d995d920f79ec93155744ebcddffdb120
docs/API.md	4647	684dcf2d278a5152551938b28bfdfc98bc30dc9a3d1dcdc054d54b5d3c1bc3d9
docs/CONCEPT_SEMANTICS.md	2541	4992eae711c2deb143b47b8a68410b2ef7b2a905d0504c5044ecdc71c90e1cab
docs/DUPLICATE_SYMBOLS.md	3755	23f3faccb933b9ec588e5ffbdfad9cafe2bc94b62b7aac29cb851d5a7218088f
docs/MISSING_GENES.md	7500	c3a7131a5e5ff09177460600d397c33a3c60e181762e3f1f7bf8ca8a2ee38f50
docs/PERCENTILE_FEASIBILITY.md	2463	c5f27d761ec3e1766bf3bd2f2e495d8926f46c0eaee84a744c443a7a2afa5288
docs/SAMPLE_PATH.md	12063	2317a5e28bb34cb895f0df37ed2c4dce1f881dc84a5f97e764d06d2c1b48908a
docs/SAMPLE_PATH_INTEGRATION_VALIDATION.md	18658	dff1b5dfa9a6653ef3176b4b24fe67cb9b4fa6094a998e0f32a7158918786360
docs/SAMPLE_PATH_REDESIGN_WIRING.md	7724	256f6c0a679abb8537c8750d8aaf9f902f461f4c4cb98857bbbed6215c94c1da
docs/SAMPLE_PATH_VISUAL_REVIEW.md	12503	40de9ff103386645f70f5bc590efa3f1788f3474f6748035e60a34110e757d87
docs/SAMPLE_SANKEY_FEASIBILITY_AUDIT.md	18332	9f59a7505f9a0a58ac12300641bfc65ff62ce793d9fbeb0c7d456c8eed8ce556
docs/SAMPLE_SANKEY_VALIDATION.md	8175	2510bd65bd34d629b149e6a4d252bfc062f9621cafadf6a3544f5c3b6c248c93
docs/VALIDATION_DESIGN.md	6352	4d20cfb9f5266ea5a41ea5c5826cc8e74181adbe381033a742772cbcc59a1bad
docs/audit/00_CANDIDATE_BASELINE.md	29316	f19e056cff9c9ff08d7b09bf1b6dbc2c824368f71c34bd3de3b398099dcba6fa
docs/audit/01_DATA_LIMITATIONS.md	33159	8049ac528deab5b5dc6d297047c8aca4a9577b44ae6db02c6dc19f0150463b52
docs/audit/03_CORE_FUNCTIONS.md	17746	84d2f36211368faa2a12484558a770eaf30f0794faae081bf2082e9deb92ccda
docs/audit/04_DERIVED_SCRIPTS.md	25640	1b2bb4c7959673c53f907f71d057796e82dff88fd839ab8cae4b1e67a9fe39e7
docs/audit/05_MAIN_RESULTS_CLAIMS.md	20024	4d6a47a2f42b1cb903bf31a9d49a9430881922b6bb2089c4d992d3c41da6a211
docs/audit/CANDIDATE_MANIFEST.tsv	23468	1582c73bed163aa879b3f53982d6e0e205038884c9a259eea3b58fdea1c061fd
docs/audit/FINAL_CANDIDATE_MANIFEST.tsv	24512	af47e6f149b7688910760728d47f3f66c485de1df90187a8009e4f98987cc600
docs/audit/FINAL_RELEASE_READINESS.md	9240	437e582c80a5b1302837c26b365b32fd2458846be85b097a73791ba68f68d581
docs/audit/README.md	1299	cf31a5bf7cad7cd455a994c6337283496958ea527cc3bef69521d03bcb5f1668
docs/duplicate_gene_symbols.tsv	20321	e50d94fa1b32fd981c4cdec25e6707055afcd9daa2ffe7ab8f2340b3dbf1ddea
docs/duplicate_source_row_stats.tsv	6395	28a38f603c727d5c97babbc7637a60e1fcdaff64eb4c25f7decddbc0ecd45446
docs/figures/sample_path/example_M2.decomposition.tsv	4502	8e378b2e955f0213868adaf2c2c44669bae574a87452533910bd1bc55157005f
docs/figures/sample_path/sample_path_M1.html	44201	908cfc13e75ddde1432331a1aed74c9e1b3f51cded8c21ccb65f9a6fbe78a670
docs/figures/sample_path/sample_path_M1.png	333186	7589ef85c9b21b8d47e45c73742e68449ae842168a7ac14edadc116efa78add2
docs/figures/sample_path/sample_path_M2.html	44574	209e02bebbb1efc80712700987afe54ef66343b98b26b41f9faec823ab584786
docs/figures/sample_path/sample_path_M2.png	339267	4523f90025982e1c3e38ec838ea7d52078f8e3649b15684e68839f95bbe99557
docs/figures/sample_path/sample_path_M3.html	45133	084672aca2d83f2bc7347a44bd5f79396162610cfd18408dc697a18f19a59ea9
docs/figures/sample_path/sample_path_M3.png	329867	9a0cca948080425f87c752e5d2d537bbb57a27ba25e278c7ff2906e8b52abd70
docs/figures/sample_path_integration/REAL_M2_M3_selection_audit.tsv	1190	c9cd2435758eb31fa63a8036384c07005e10ba40d9d3994e39195a176eee0ed7
docs/figures/sample_path_integration/high/M2.png	649652	310f02d429886cc341885782e3afe6c9174d1807cf7cc4e764cfe06e19859618
docs/figures/sample_path_integration/high/M3.png	627301	06f7ab62021cebc840e61c93a3c8cbbba6a0f3e7674085e6a1021918da06a869
docs/figures/sample_path_integration/low/M2.png	606757	4046246a24f51ebbdfeb4453f215d6c4ef1b7f807b1837201973728d553e857d
docs/figures/sample_path_integration/low/M3.png	632532	7ad5325d860f4940b26121860cdbe13ae0d289a9941604f615b4e1ed51970493
docs/figures/sample_path_integration/mid/M2.png	609363	abcec2d46f6df7978976d42a97bcde413e42420b425ab648f2b8495f1cc0a0e7
docs/figures/sample_path_integration/mid/M3.png	601740	b8dd19b81349d09dd6e4a80b1bd0861ded624195e3acb6eecf1a9b61b9604da5
docs/figures/sample_path_integration/sample_path_redesign_review_grid.png	885473	880c27ca89d1140b8e21776df45ee44802b597556f9c030ba43d44c6fa48e03d
docs/figures/sample_path_integration/shared_style.json	526	60a25894eb32b6be04a61e06148e98ac1048ec18e901f6fb2fd242ad72242950
examples/cohort_example.py	3481	80e8e25bc71ab1219869c01e654b1bae7687d6355b3875331adfb10b0c55d9d5
examples/example_data/README.md	677	3c78e1394dfcd44ebf7efcdb62a23cbfc673d45941fe3d6953b83aad5e0a600d
examples/example_data/example_clinical.tsv	138	1c26318e5b7c76144f57331bcd2e5d3543148951b390cc1905773be93bc3a338
examples/example_data/example_expression.tsv.gz	306843	a57165cb3d9a7caa9ef5d553c18f5538b8e1744a6bcaac41f21d0135c2b6f9ec
examples/example_data/example_expression_partial.tsv.gz	81127	f8410d0723951025b51dc1ea16f263cb266521ac14c602dfbde670e1128e4538
examples/example_data/example_labels.tsv	182	b841180cf50efc3e671027cb442fff0d97b417d21fba7ea0e64611d42b30af49
examples/minimal_example.py	2249	2042c48ba6c0e22f9c1c08f67144a60104e43619fc213af59c6917030f31b416
examples/missing_genes_example.py	2636	d148bc8dcff8de554f70fdfb67a49310aa60157d12768f4d1969459c35f04829
examples/quick_start.py	1187	d5d1d7d2ae7f5c787e20b2d272bd441407b607e895781b5d8e4b3862509b1e32
examples/sample_path_example.py	5325	9177a2ee38168f8dd2182139f41820798d85602da2e8ac69d9bad50d01ac51bd
paper_assets/FIGURE1_DIAGRAM_SPEC.md	7227	8295521b5ccb6a2748963315f6783da0ba589f991fb06be7637a456da95dfc33
paper_assets/MANUSCRIPT_NUMBERS.tsv	14225	7e6007310adb45150d5af00ab860bf38875a2aab728e33ecbad29f03c9e7cd0c
paper_assets/METHODS_SNAPSHOT.md	15552	f1dac6202e0ffab7bea87b1b82312a8eebb473c161f10ed448ea1040ed0a25fb
paper_assets/SOFTWARE_PROVENANCE.tsv	7564	4d6c5999d76cf23af21f8ba1e54a29db01ac200da4ab37312ceec19444b2749c
paper_assets/figures/Figure2_robustness_three_arm_masking.pdf	18340	873ce8a85da17c461679aab2ccf5e800426c953e906b84cc7792a69bd45b366c
paper_assets/figures/Figure2_robustness_three_arm_masking.png	64019	e53db823be64d9d0cf8bdfd527bcdf307f5eeaf1bf321f958bfb9945e5ecd9e8
paper_assets/figures/FigureS1_external_cohort_coverage.pdf	17504	8643ec7c5ed4674edeea2944fa677d676eed94cfc8e353cc25efe97809574d6a
paper_assets/figures/FigureS1_external_cohort_coverage.png	55943	bc44747b6a53effa4ec34ce96431dc9cdbcec21ff06c599e219336513e9aa8fc
paper_assets/figures/FigureS2_delta_UnoC.pdf	19312	c65fd9dde065fb75bbeee8075d18b3d532a36a3ea62fcaef56c8f1b3290654c6
paper_assets/figures/FigureS2_delta_UnoC.png	77482	5c415820b886a890ba05645aab1705830ff3100de8fc3384e5def6002f787ebf
paper_assets/figures/FigureS3_representation_stability.pdf	22561	0e2bc92f3353a021a07c5a47fd92a24e7577599a4d0ba812bf605ac543ce4cd6
paper_assets/figures/FigureS3_representation_stability.png	115880	a2be4d74f86071ad752c51087ead66e9d13660ea14bd8e60320518ec920408e7
paper_assets/source_data/Figure2_robustness_three_arm_masking_source.tsv	67651	6823421597d2086250d4ad04aabed7ae14072b0515c547befca4aac5bebdeb71
paper_assets/source_data/FigureS1_external_cohort_coverage_source.tsv	3119	f5bb5ac969d6a5d7dbe134776defd5318b2955d1cd76e3c7dd05f3f3fe7034dd
paper_assets/source_data/FigureS2_delta_UnoC_source.tsv	67651	6823421597d2086250d4ad04aabed7ae14072b0515c547befca4aac5bebdeb71
paper_assets/source_data/FigureS3_representation_stability_source.tsv	67651	6823421597d2086250d4ad04aabed7ae14072b0515c547befca4aac5bebdeb71
paper_assets/tables/TableS1_external_cohort_coverage.tsv	3214	599cf0a9ac15f35b48fb55293616b2b872fa932448a3482d50b42b002490fb29
paper_assets/tables/TableS2_pancohort_stability.tsv	67651	6823421597d2086250d4ad04aabed7ae14072b0515c547befca4aac5bebdeb71
paper_assets/tables/TableS3_qc_threshold_audit.tsv	1541	1c623dad6cec00b5167e25c17849bb87090ff1a551453b7cfeca7411113709c4
paper_assets/tables/TableS4_coverage_qc_validation.tsv	10142	208eb23971f6a649b849d451d22b937fdb805a07603437131d2b5556c57b38b2
paper_assets/tables/TableS5_qc_config.json	1479	098dc59b752fcc64a1959370a345feae30d3222c2cb390753747bf92561a6412
pyproject.toml	2789	837826ba2f22f0dadc99a189551419ee8b435b9c3e1184116505925eb9992fe8
src/compass_os/__init__.py	2583	4385113cf25168a32bef881fd3ad2ff266f844583b5c9df823c1f01fb533a61a
src/compass_os/_paths.py	6184	4d5e9130e1c3859bc9a204aadc06345b2a3f2f720b489e592b4ff843746a671b
src/compass_os/_render_bridge.py	6396	662b5815a31af543f4ceb00bac2791bd09531e3c3981e576e6579d166d7b49a8
src/compass_os/analysis.py	29807	0db77f5eb31978df16776586f14f8fc1e607589cc7f8f6d548049e68c6e0d656
src/compass_os/api.py	20192	a32431468b56657be5536f2974a159b471344bc327763c2736b50f4a0be72de8
src/compass_os/assets/models/locked_M0.json	95617	f368eb2e399f16162dbab168c474b0945dcdb5a81cd43b58905d591848716e7d
src/compass_os/assets/models/locked_M1.json	96988	d4998ecf646aa264a05462881536fadfa02891ec03856ebac645fbba3ce9570d
src/compass_os/assets/models/locked_M2.json	100216	5aac2cd089934f627ad04942a9ec27f8315794b9016ceb3ae267e23b3e421ed3
src/compass_os/assets/models/locked_M3.json	100636	dfe17fc56c573b2c351de4c7d7082953fd6eaba0ed650ca1016acf5951f06789
src/compass_os/assets/models/locked_pca_M3.npz	1480783	e1f20fcc20be58681a40b47e5bea4bd2ab4f02e0811bb1453d158e04a3740d45
src/compass_os/assets/models/model_manifest.json	1672	500c7ea2d3bffb22c3c1c85b9a385b414a3cf6363301b4027883becccbf41039
src/compass_os/assets/models/pretrainer.pt	10832079	4fd174b45be816f3b1b3da32541a1c99d76771b37744a3292da977b2e0f71234
src/compass_os/assets/models/qc_config.json	1479	098dc59b752fcc64a1959370a345feae30d3222c2cb390753747bf92561a6412
src/compass_os/assets/models/reference_quantiles.json	40278	2e8fc0472020cf8c25f4431170e582aa67513be95fe84efd62d473ba5c10714e
src/compass_os/assets/third_party/COMPASS_LICENSE	1115	642107be13bbe4fd5031a2f2a39a4fa5d9ccf8361662ae8f177caf21078d2121
src/compass_os/assets/third_party/compass/__init__.py	77	644d115b9326a1f9bc6f345850d5283ae16ed9e88c3d69e70b58ef3c0e653e5a
src/compass_os/assets/third_party/compass/augmentor/__init__.py	82	c041c4ec650dd4f336848167effac03db07a5ba62dd9a020f28f96b51b07909f
src/compass_os/assets/third_party/compass/augmentor/aug.py	5932	2851b4d006e42fb54553182f6b76956697244efa9ea9a1fed4da5e017d1a4e09
src/compass_os/assets/third_party/compass/dataloader/__init__.py	47	3e4e985ba697beb492ff0b1d4f8ce53735e7c1ecdaeb56c99c2efa9e16707762
src/compass_os/assets/third_party/compass/dataloader/data.py	4572	bb0e42f727388b8b70bacdeacb982c12c881358f1109592608ad20b2047f3830
src/compass_os/assets/third_party/compass/decoder/__init__.py	99	842b64f527792e902ab8115295dbfeb6276be37b5761b555f3049a83931baea3
src/compass_os/assets/third_party/compass/decoder/decoder.py	9756	f7d78840cd94d8b8d6f4887c0f5385701be4fdc4acfe2c7437001bff18cf4378
src/compass_os/assets/third_party/compass/embedder/__init__.py	118	6ac3239c847a9b3af5be7d4cab655387287579b9c3ddff75bbc85c8cc4a2cbbf
src/compass_os/assets/third_party/compass/embedder/embedder.py	5395	43aa316f9a55d9d8c563a4a83bfb7ba04636990358383872dad4fc2519f85145
src/compass_os/assets/third_party/compass/embedder/pe/gene2vect_1005_32.pt	129417	10de4f78af8a4ce4ef8cb99814871b12734d4eb22ac8c0f2a9874471b689a8b1
src/compass_os/assets/third_party/compass/embedder/pe/umap_1005_32.pt	129402	80b461275b4e4907889bea9fa0a2fd1f1381eaf5767c298c095f33dd20050986
src/compass_os/assets/third_party/compass/encoder/__init__.py	52	3430fb24182b3781fedd06d8a675d4a5c62b82cda2bd0615b473c63d2d2edb3b
src/compass_os/assets/third_party/compass/encoder/encoder.py	5787	49854d72daad7add93978f1f6adfcc00c5807223ce39fc8610daaab57cbca932
src/compass_os/assets/third_party/compass/encoder/layer/FlashMultiHead.py	8093	b425b87c83ea1c41e4664e221a85f3e3824b4ed04fe75f8559b503bb742e92ec
src/compass_os/assets/third_party/compass/encoder/layer/__init__.py	212	98d2efd0fb30fa2fb116d55657903f2d33b3a5f9edfca4474bd3c8151ad7b103
src/compass_os/assets/third_party/compass/encoder/layer/cosformer.py	7395	b16bc2388280dda83b6d724ea5cdd29b14159f3772475a390656741bbfe60985
src/compass_os/assets/third_party/compass/encoder/layer/flashformer.py	3890	e7a6bf57869ec0e1a2e18abcf939698f12cd863079317b77f0b6a9d32837eb74
src/compass_os/assets/third_party/compass/encoder/layer/flowformer.py	9054	da6ae6cd000d9f106242763a35a748d4cb1fa85c51eda776090955b38fc9c3f2
src/compass_os/assets/third_party/compass/encoder/layer/norm.py	2213	235552a3a0703d047b2bebec41b5285dd9ead8d0f89c6c3fd459b224b8e20871
src/compass_os/assets/third_party/compass/encoder/layer/performer.py	20233	74bf9ec5d06e243c42e50ee402bb5892a0482116924bed33bd633371c92429d5
src/compass_os/assets/third_party/compass/encoder/layer/transformer.py	5182	78f361c789b3b446b5acb9b43660acf59f459a8811c37c8dd80ff495ce21c46e
src/compass_os/assets/third_party/compass/main.py	42966	26b5655533cc25f52f62fc06b7c22ca86c713a046392a7f94df52f3835127250
src/compass_os/assets/third_party/compass/model/__init__.py	491	2a01073514e9ad74597f293a474a9f6246a514aa0f9b5b1493736c984300be40
src/compass_os/assets/third_party/compass/model/_distilled.pth	4328043	ffbc1a4aef2b45d2986753e25e25b0bcf15dd3dc86de72cbc682638549751ec7
src/compass_os/assets/third_party/compass/model/adapt.py	6085	fe0821a37770f39335a2ab73bc1a4408685f4455ae59ec9e66e11489c605b7bf
src/compass_os/assets/third_party/compass/model/loss.py	17864	be0d0a92cc90c7e56a058e01bbe1208c3dae80374a355dbf09f8c1c0ee334479
src/compass_os/assets/third_party/compass/model/model.py	8136	61991e83cd62460c742b51c2b9da51a37257a8e39c563c987ff9ce7b8b9157ee
src/compass_os/assets/third_party/compass/model/saver.py	1734	d74d8de70b494a68b735dffcf178fef22f18b44b2c9c71a62798b9648e99352a
src/compass_os/assets/third_party/compass/model/scaler.py	1980	03c816b767165c60371b0078fa8632eda7380b468ae2b19458a2f2ad124cb459
src/compass_os/assets/third_party/compass/model/train.py	4891	661df52394f3ab563407256ea144364f005ce3d27073387aaba94f27654ce073
src/compass_os/assets/third_party/compass/model/tune.py	11850	c03c26640196ef18b4fdc12e84f365c725ea82cfe435e95bf7d291ab8167d235
src/compass_os/assets/third_party/compass/projector/__init__.py	65	afd781408fd778733c0a6aca4b65b5103b2e44cfdc004fe5b36c660bb528c46d
src/compass_os/assets/third_party/compass/projector/aggregator.py	3440	af3db5e582dd34c68da9636d77d6a8f9cd5fb909f2943aa5b3c0ce394811cf76
src/compass_os/assets/third_party/compass/projector/cellpathwayaggregator.py	5098	9e609077793803845d29355626773296088ffc0499725b6767c3c490204c4238
src/compass_os/assets/third_party/compass/projector/genesetaggregator.py	5958	b9753b9d9e341fc2fa41150721d7d845ffee63fb13f0ac4315e6382fa837963c
src/compass_os/assets/third_party/compass/projector/genesetscorer.py	3928	fda0981ac077c1ad21ef289b90ad5a19ae9a382e09e5c47ea639241c17fa4733
src/compass_os/assets/third_party/compass/projector/projector.py	9673	35d57f528f6901be13affad265bb62a11c2f20e20f3e0469ef05a198e864ecf4
src/compass_os/assets/third_party/compass/tokenizer/__init__.py	739	13ae089833a3937edca137aa3a886674f4e4448175bb8b7af0c97936cf04aa9e
src/compass_os/assets/third_party/compass/tokenizer/cancer_code.json	326	7b2e3dbcefcc21160e433b1f654f8fcbf8a8a0616c6c4eeb40472c1eb0922560
src/compass_os/assets/third_party/compass/tokenizer/concept_colors.xlsx	13828	0722097966d5c397e76fd6ac2885fef0583f2cadb40f96721ff746939dcd5ef4
src/compass_os/assets/third_party/compass/tokenizer/conception.tsv	26311	8cccbc9ad2dc81d347bb04acda52620e360f760ff0e8cf89226007af85c0fc73
src/compass_os/assets/third_party/compass/tokenizer/conception_processed.tsv	25947	a1ae780162ea302600fe095e0e5da15563a49d11ba27266b1e03e1ad607c70b2
src/compass_os/assets/third_party/compass/tokenizer/conceptor_gene_map.csv	1205158	653153ecf09d739ec0dba4487a12961c28f86fb99676fdc22f1c906f9cc551df
src/compass_os/assets/third_party/compass/tokenizer/gene_tokens_long.json	244960	836c6c8fea45e9c63a7ca81686713ac971379fd119b63fdb8de1b8969cd778ea
src/compass_os/assets/third_party/compass/tokenizer/gene_tokens_short.json	14871	d06d711d3dbf95463e063f8931582d37291d378882f8984efaffc64ee87ae809
src/compass_os/assets/third_party/compass/utils/__init__.py	278	6856531d7e2659f84a499c74e3e434c206d51282b73fad6ed17acebd129bb1e2
src/compass_os/assets/third_party/compass/utils/crmap.py	39416	ac6e7b0031c397896f9f770ddda2426a366a81b7c0c387ce3cc14bd5a0078434
src/compass_os/assets/third_party/compass/utils/loader.py	1497	68259e4f27321ec35430d8a500ef283eeb94b53da735a5319d6ffce9839cb11c
src/compass_os/assets/third_party/compass/utils/plotter.py	6403	ce4a59be815d80f191efa9dbfdd1c1a678af28450fa65ed3bf6de57751abe0f0
src/compass_os/assets/third_party/compass/utils/sankey.py	9652	20ed31d9eb38f43812eb0074126d773b07e7bf4fba1f625523222eaae7be2215
src/compass_os/assets/third_party/compass/utils/scorer.py	3069	8bd1aa3029b307bcd13c4831d6a4d96b2813a02433ffd0b73366230de3f69690
src/compass_os/data/cancer_codes.tsv	766	fe3b7b8c1a219cbcc56d0e4fe61b344fb93ced6440a11f66fea0676c189f969b
src/compass_os/data/concept_gene_sets.tsv	11475	8d732b5be249c7f0c8dee826e51040d89f3a37838452d5e47ead2f048d26c6d2
src/compass_os/data/gene_vocabulary.txt	99324	717f7de237d8d71d70fb3a303fea4c3df248567d7b12a991d34cdd713c4a42c1
src/compass_os/exceptions.py	1272	1fc6ba9b18f5023aa809228ea4f04c0f54d14952ae07f47369b472861c6a6b38
src/compass_os/plotting.py	6836	028c267edb37ba30c2585f04807b1e05f30e1ab3db2e44a21afea4bda64bed90
src/compass_os/preprocessing.py	12749	e4ee15186f18da3196dfa0e8b68866f45f3e0bb68fa38896953885808695518c
src/compass_os/qc.py	12326	6d84c32d8dd5428a8bd009e5d33dfb35125da9810bc571d7c8581caaca07bec2
src/compass_os/representation.py	7929	ed7746efb14bd0aa638c16c208c6eefdcfca3968f1907bed77393bf2d9e0f91e
src/compass_os/sample_path.py	25802	ac69e15f960d9c331afdc45710974ba9795e658f863a7e4961a9572f343bd023
src/compass_os/sample_path_render.py	37339	2e7d8052c2c7808ffc07d0c5ac505fc72bb310b3a93f6f19f5e6dabc1725e9b6
src/compass_os/survival.py	7829	3e6f79337ea6cb7d9c0575f7b00a821a60028b28300456beceb95880363b0485
tests/_util.py	3321	dfdb09adc7db23c5e3a641e329cac0811bebc300830a9f280d93a7a5972f5bc6
tests/fixtures/README.md	1224	7cc78df2cb54742f8179f54ddae157cbc2fd138224eef9b0ff4917a1144e6fd4
tests/fixtures/golden_clinical.tsv	301	cea95e668a57e3b000315a07dd6ec6b75dab1b26d970855a066e384ddc040e2b
tests/fixtures/golden_expected.tsv.gz	34510	237edecab447eb21a95aacbe5d06abdba10c7b5bb1bb1a05ebdd105577cda2d9
tests/fixtures/golden_expression.tsv.gz	683607	6d568e5d9b690c1a53e4ea96b2aed9a55a77f0fdbf54e6cbd897e3f0b84157b6
tests/fixtures/golden_labels.tsv	380	e44ab7952ece8f6e02728c3729c9022d0fe37ff5333688810437dc6d376050a3
tests/fixtures/golden_provenance.json	1497	f0d50340ad4573846461d0fc101f9e36d12c0c73b774e7ea27b0da47603d0658
tests/run_tests.py	4707	e75ad5816cf13cda275e1103b5d134d183041bd3f5ca7da3b8983c024b3ed648
tests/test_analysis.py	12650	125242977d2d96a7e5c691c36e05452e6bccc80399a3e775799c1afc25715e99
tests/test_api.py	8540	ce352374c47ddf023457264db1377377af4b79a102a423d8df06ca9c55708415
tests/test_assets.py	5126	d6127332e0c65c24c84f3205a33c17ea8f51419bdacca7559ea5026a89e2929c
tests/test_audit_docs_paths.py	2621	d0f0f375331febafdad3ca9a384672d517fd1d8226cd7f9f02c07c75d793b46c
tests/test_duplicate_genes.py	5957	5a3db70e169c52c48c745d83b96e319567d33c17e8c2b11c47dbc056db889f23
tests/test_input_contract.py	9330	bc937b839ad05f52b2941fbb57b40e4e86b72e8e2b331dccb9f4b93342538cf0
tests/test_packaging.py	6284	a18e7f1a07345c3b7f1a2b88aefe10289f8af230e6116f8efbc087c044a05a8e
tests/test_qc_tiers.py	5683	5a6ca400b0cff697609df7e0b95b61ff86ec2d127801ffe4a3785b288d155237
tests/test_reproducibility.py	11236	f9b8461f8e08a5961bb4ef367cfd6375763dbf16a1238baa71e594fc83bd64ad
tests/test_sample_path.py	18738	6d367d8d5f0b38fc30348fe48592096a08416f0c518ac0c5bf0c80b093bb03f4
tests/test_sample_path_integration.py	8544	595cb80a7a92694ea3bca5fae82925129c86875f2e241e56fe2e9ebd752cac59
tests/test_v101_regressions.py	17474	455787a65a27eeb15d82a4b33c92f582c6b915393be35f75deddbdec30748a70
tests/verify_sample_path_renderer.py	5516	7e3db659ddbfec47620c562d348edfa2c15f84a6bf8b8193e8801f0f4db9a04b
tools/audit_duplicate_symbols.py	7273	389301079dbbcdc2781f10d6d1bf46ec675db2ffa2154c35c8de588275e6ff7b
tools/build_assets.py	11569	d2061a5ac68a9040106eef6d7dbbd23a10e172fa400ebfd0f71ee25c0e2a8419
tools/build_fixtures.py	10080	e299c2b0eca9f9d028e19e8ba23454f44953bd28337f19bf703f8fe1a585d1ec
tools/build_review_grid.py	2711	bbd776c70a3374f9b3111f4c680d22b7a2af6badf01f30b16066131721bed9b3
tools/release_audit.py	6830	3c141ac8d2e20ab3264cc0dc0099e0121494800f5c7840acc96e5ee6e701d21a
validation/README.md	2220	a22773135e810e1f847e96e293fc6631961607b29cbf62f905eef8130b857e7d
validation/extract_platform_masks.py	8545	fb789e40ee93b41d1a1fbe1e7711d372287d29e4eee52b8467b482a9437d96f4
validation/missing_gene_stress_test.py	15479	9cde3a1da89b4613b2b2d6fd68dad6b8861693f06b574bf72ae13315ad189c68
validation/results/README.md	1464	35e8c68584ab97b66b4b8ef3d12930c03d9f0792991a683548db7620f2a05c61
validation/results/coverage_qc_validation.tsv	10142	208eb23971f6a649b849d451d22b937fdb805a07603437131d2b5556c57b38b2
validation/results/design.json	506	f3178eb767c1c61caa79180c5a6e30b95dc6de3d1ec1f2d57adc90b4881f1918
validation/results/external_coverage_summary.tsv	3214	599cf0a9ac15f35b48fb55293616b2b872fa932448a3482d50b42b002490fb29
validation/results/figures/figA_coverage_vs_risk.pdf	18340	873ce8a85da17c461679aab2ccf5e800426c953e906b84cc7792a69bd45b366c
validation/results/figures/figA_coverage_vs_risk.png	64019	e53db823be64d9d0cf8bdfd527bcdf307f5eeaf1bf321f958bfb9945e5ecd9e8
validation/results/figures/figA_coverage_vs_risk_source.tsv	67651	6823421597d2086250d4ad04aabed7ae14072b0515c547befca4aac5bebdeb71
validation/results/figures/figB_coverage_vs_unoC.pdf	19312	c65fd9dde065fb75bbeee8075d18b3d532a36a3ea62fcaef56c8f1b3290654c6
validation/results/figures/figB_coverage_vs_unoC.png	77482	5c415820b886a890ba05645aab1705830ff3100de8fc3384e5def6002f787ebf
validation/results/figures/figB_coverage_vs_unoC_source.tsv	67651	6823421597d2086250d4ad04aabed7ae14072b0515c547befca4aac5bebdeb71
validation/results/figures/figC_coverage_vs_representation.pdf	22561	0e2bc92f3353a021a07c5a47fd92a24e7577599a4d0ba812bf605ac543ce4cd6
validation/results/figures/figC_coverage_vs_representation.png	115880	a2be4d74f86071ad752c51087ead66e9d13660ea14bd8e60320518ec920408e7
validation/results/figures/figC_coverage_vs_representation_source.tsv	67651	6823421597d2086250d4ad04aabed7ae14072b0515c547befca4aac5bebdeb71
validation/results/figures/figD_external_coverage.pdf	17504	8643ec7c5ed4674edeea2944fa677d676eed94cfc8e353cc25efe97809574d6a
validation/results/figures/figD_external_coverage.png	55943	bc44747b6a53effa4ec34ce96431dc9cdbcec21ff06c599e219336513e9aa8fc
validation/results/figures/figD_external_coverage_source.tsv	3119	f5bb5ac969d6a5d7dbe134776defd5318b2955d1cd76e3c7dd05f3f3fe7034dd
validation/results/figures/figE_signature_coverage_vs_error.pdf	14063	70c59a42b19d554c616ab4904f926dfac8733650d05a4f304618731c4e91f16a
validation/results/figures/figE_signature_coverage_vs_error.png	34657	dd9d6301732f60c5b5d7a6299623ab6325470a9a726ee3e23e247afbf2936306
validation/results/figures/figE_signature_coverage_vs_error_source.tsv	7686	1f60f6ab5cf8679cbd8e95b386f7e0389e42626c9d0ae0bcff505c32dcc2f701
validation/results/qc_config.json	1479	098dc59b752fcc64a1959370a345feae30d3222c2cb390753747bf92561a6412
validation/results/qc_threshold_audit.tsv	1541	1c623dad6cec00b5167e25c17849bb87090ff1a551453b7cfeca7411113709c4
validation/results/release_audit.tsv	8224	05a41705c743b3aab62fbd28cc5f9f39339db97f710485e772a617e1d0324b7d
validation/results/stress_cohort_summary.tsv	183112	c81fbba26801c47ff8f06935ca87885d29ac7981a295a0f6dd67b31d65ba579a
validation/results/stress_pancohort_summary.tsv	67651	6823421597d2086250d4ad04aabed7ae14072b0515c547befca4aac5bebdeb71
validation/run_missing_gene_validation.py	18822	49caaa3dae7b10845963a88d9cdbf9caecf6d9b11d41d8f50c63c7d092b07e21
validation/summarize_validation.py	20090	c9a48d5a3241f03aaf8f3137d4faa1a638092b6e77e9245298c70324e96f5c42
