asset_name	asset_type	source_path	github_copy_path	copied_or_reference_only	is_directory	file_size	sha256	purpose	required_for_inference	required_for_testing	required_for_example	modifiable	notes
pretrainer_ckpt	frozen_model	/home/rensi/projects/202608读书汇报/COMPASS-main/paper/checkpoint/latest/pretrainer.pt	src/compass_os/assets/models/pretrainer.pt	copied	no	10832079	4fd174b45be816f3b1b3da32541a1c99d76771b37744a3292da977b2e0f71234	COMPASS 预训练 checkpoint：encoder + 132 基因集 / 43 概念投影 + Datascaler	yes	yes	yes	no	只复制自只读源项目；运行时通过包内相对路径解析
lock_M0	frozen_model	/home/rensi/projects/202608读书汇报/scripts_dev/analysis_out_cluster/ref_lock/locked_M0.json	src/compass_os/assets/models/locked_M0.json	copied	no	95617	f368eb2e399f16162dbab168c474b0945dcdb5a81cd43b58905d591848716e7d	M0 锁定 Cox 头（仅临床基线）	yes	yes	yes	no	只复制自只读源项目；运行时通过包内相对路径解析
lock_M1	frozen_model	/home/rensi/projects/202608读书汇报/scripts_dev/analysis_out_cluster/ref_lock/locked_M1.json	src/compass_os/assets/models/locked_M1.json	copied	no	96988	d4998ecf646aa264a05462881536fadfa02891ec03856ebac645fbba3ce9570d	M1 锁定 Cox 头（仅 43 概念）	yes	yes	yes	no	只复制自只读源项目；运行时通过包内相对路径解析
lock_M2	frozen_model	/home/rensi/projects/202608读书汇报/data_tcga/processed/locked_model/locked_M2.json	src/compass_os/assets/models/locked_M2.json	copied	no	100216	5aac2cd089934f627ad04942a9ec27f8315794b9016ceb3ae267e23b3e421ed3	M2 锁定 Cox 头（主模型：临床 + 43 概念）	yes	yes	yes	no	只复制自只读源项目；运行时通过包内相对路径解析
lock_M3	frozen_model	/home/rensi/projects/202608读书汇报/data_tcga/processed/locked_model/locked_M3.json	src/compass_os/assets/models/locked_M3.json	copied	no	100636	dfe17fc56c573b2c351de4c7d7082953fd6eaba0ed650ca1016acf5951f06789	M3 锁定 Cox 头（M2 + PC1–10，敏感性模型）	yes	yes	yes	no	只复制自只读源项目；运行时通过包内相对路径解析
pca_M3	frozen_model	/home/rensi/projects/202608读书汇报/data_tcga/processed/locked_model/locked_pca_M3.npz	src/compass_os/assets/models/locked_pca_M3.npz	copied	no	1480783	e1f20fcc20be58681a40b47e5bea4bd2ab4f02e0811bb1453d158e04a3740d45	M3 的锁定 PCA（components/mean/scale/genes），禁止在用户队列重拟合	yes	yes	yes	no	只复制自只读源项目；运行时通过包内相对路径解析
ref_quantiles	frozen_input	/home/rensi/projects/202608读书汇报/data_tcga/processed/locked_model/reference_quantiles.json	src/compass_os/assets/models/reference_quantiles.json	copied	no	40278	2e8fc0472020cf8c25f4431170e582aa67513be95fe84efd62d473ba5c10714e	TCGA log2(TPM+1) 参考分位数（1024 点）：跨平台映射与缺失基因填充中位数来源	no	yes	no	no	只复制自只读源项目；运行时通过包内相对路径解析
qc_config	frozen_config	/home/rensi/projects/202608读书汇报/validation/results/qc_config.json	src/compass_os/assets/models/qc_config.json	copied	no	1479	098dc59b752fcc64a1959370a345feae30d3222c2cb390753747bf92561a6412	由 missing-gene stress test 实测曲线确定的 QC 阈值（global 轴已定；Gsig 待补）	yes	yes	yes	no	只复制自只读源项目；运行时通过包内相对路径解析
upstream_license	license	/home/rensi/projects/202608读书汇报/COMPASS-main/LICENSE	src/compass_os/assets/third_party/COMPASS_LICENSE	copied	no	1115	642107be13bbe4fd5031a2f2a39a4fa5d9ccf8361662ae8f177caf21078d2121	上游 COMPASS 的 MIT 许可证（必须随附）	no	no	no	no	只复制自只读源项目；运行时通过包内相对路径解析
upstream_compass_pkg	upstream_code	/home/rensi/projects/202608读书汇报/COMPASS-main/compass	src/compass_os/assets/third_party/compass	copied	yes		9965b10fee21f644dda6a34aa5b07a1aa939bff615b944d73d1d96699ad4a878	上游 COMPASS 包源码 + tokenizer 资产（conception_processed.tsv 等）	yes	yes	yes	no	目录哈希 = 各文件内容哈希 + 相对路径 的有序拼接
concept_gene_sets	derived_data	/home/rensi/projects/202608读书汇报/COMPASS-main/compass/tokenizer/conception_processed.tsv	src/compass_os/data/concept_gene_sets.tsv	copied	no	11475	8d732b5be249c7f0c8dee826e51040d89f3a37838452d5e47ead2f048d26c6d2	从冻结 CONCEPT 派生的 132 基因集→基因符号表（供 signature coverage 独立使用）	no	yes	yes	no	只复制自只读源项目；运行时通过包内相对路径解析
gene_vocabulary	derived_data	/home/rensi/projects/202608读书汇报/COMPASS-main/paper/checkpoint/latest/pretrainer.pt	src/compass_os/data/gene_vocabulary.txt	copied	no	99324	717f7de237d8d71d70fb3a303fea4c3df248567d7b12a991d34cdd713c4a42c1	从冻结 checkpoint 的 feature_name 导出的 15,672 基因词表（顺序权威）	yes	yes	yes	no	只复制自只读源项目；运行时通过包内相对路径解析
cancer_codes	derived_data	/home/rensi/projects/202608读书汇报/COMPASS-main/compass/tokenizer/cancer_code.json	src/compass_os/data/cancer_codes.tsv	copied	no	766	fe3b7b8c1a219cbcc56d0e4fe61b344fb93ced6440a11f66fea0676c189f969b	从冻结 cancer_code.json 派生的癌种码表（真实 COMPASS code + CT_* 列名）	yes	yes	yes	no	只复制自只读源项目；运行时通过包内相对路径解析
