metric_id	value	unit	analysis	source_file	source_columns	software_version	validation_version	notes
external_cohorts_recoverable	38	cohorts	platform mask extraction (pre-imputation)	validation/results/external_coverage_summary.tsv	status=='ok'	1.0.0	1.0.0	METABRIC 不可还原（非 GEO 平台）
external_cohorts_total	39	cohorts	same	validation/results/external_coverage_summary.tsv	all rows	1.0.0	1.0.0	
external_samples	9359	samples	harmonised external cohorts	validation/inputs/pheno.tsv	rows	1.0.0	1.0.0	
median_global_coverage	0.9668	fraction	external cohorts, pre-imputation	validation/results/external_coverage_summary.tsv	global_gene_coverage median	1.0.0	1.0.0	
global_coverage_range	0.635-0.980	fraction	same	validation/results/external_coverage_summary.tsv	global_gene_coverage min/max	1.0.0	1.0.0	
median_Gsig_coverage	0.9618	fraction	external cohorts, pre-imputation	validation/results/external_coverage_summary.tsv	Gsig_coverage median	1.0.0	1.0.0	
Gsig_coverage_range	0.803-0.978	fraction	same	validation/results/external_coverage_summary.tsv	Gsig_coverage min/max	1.0.0	1.0.0	
recommended_global_coverage	0.9	fraction	QC calibration	models/qc_config.json	recommended_global_coverage	1.0.0	1.0.0	
warning_global_coverage	0.7	fraction	QC calibration	models/qc_config.json	warning_global_coverage	1.0.0	1.0.0	
recommended_Gsig_coverage	0.9	fraction	QC calibration	models/qc_config.json	recommended_Gsig_coverage	1.0.0	1.0.0	
warning_Gsig_coverage	0.7	fraction	QC calibration	models/qc_config.json	warning_Gsig_coverage	1.0.0	1.0.0	
global_mask5_risk_spearman	0.9863	Spearman r	global random masking, reference	validation/results/stress_pancohort_summary.tsv	mask_type=global, level=0.05, strategy=reference, risk_spearman_median	1.0.0	1.0.0	
global_mask10_risk_spearman	0.9593	Spearman r	global random masking, reference	validation/results/stress_pancohort_summary.tsv	mask_type=global, level=0.1, strategy=reference, risk_spearman_median	1.0.0	1.0.0	
global_mask20_risk_spearman	0.923	Spearman r	global random masking, reference	validation/results/stress_pancohort_summary.tsv	mask_type=global, level=0.2, strategy=reference, risk_spearman_median	1.0.0	1.0.0	
global_mask30_risk_spearman	0.8449	Spearman r	global random masking, reference	validation/results/stress_pancohort_summary.tsv	mask_type=global, level=0.3, strategy=reference, risk_spearman_median	1.0.0	1.0.0	
global_mask40_risk_spearman	0.7928	Spearman r	global random masking, reference	validation/results/stress_pancohort_summary.tsv	mask_type=global, level=0.4, strategy=reference, risk_spearman_median	1.0.0	1.0.0	
global_mask50_risk_spearman	0.7413	Spearman r	global random masking, reference	validation/results/stress_pancohort_summary.tsv	mask_type=global, level=0.5, strategy=reference, risk_spearman_median	1.0.0	1.0.0	
nonGsig_mask5_risk_spearman	1.0	Spearman r	non-signature-only masking, reference	validation/results/stress_pancohort_summary.tsv	mask_type=non_sig, level=0.05, risk_spearman_median	1.0.0	1.0.0	
nonGsig_mask10_risk_spearman	1.0	Spearman r	non-signature-only masking, reference	validation/results/stress_pancohort_summary.tsv	mask_type=non_sig, level=0.1, risk_spearman_median	1.0.0	1.0.0	
nonGsig_mask20_risk_spearman	0.9999	Spearman r	non-signature-only masking, reference	validation/results/stress_pancohort_summary.tsv	mask_type=non_sig, level=0.2, risk_spearman_median	1.0.0	1.0.0	
nonGsig_mask30_risk_spearman	0.9999	Spearman r	non-signature-only masking, reference	validation/results/stress_pancohort_summary.tsv	mask_type=non_sig, level=0.3, risk_spearman_median	1.0.0	1.0.0	
nonGsig_mask40_risk_spearman	0.9998	Spearman r	non-signature-only masking, reference	validation/results/stress_pancohort_summary.tsv	mask_type=non_sig, level=0.4, risk_spearman_median	1.0.0	1.0.0	
nonGsig_mask50_risk_spearman	0.9998	Spearman r	non-signature-only masking, reference	validation/results/stress_pancohort_summary.tsv	mask_type=non_sig, level=0.5, risk_spearman_median	1.0.0	1.0.0	
Gsig_mask1_risk_spearman	0.9987	Spearman r	signature-only masking, reference	validation/results/stress_pancohort_summary.tsv	mask_type=signature, level=0.01, risk_spearman_median	1.0.0	1.0.0	signature-gene coverage = 0.99
Gsig_mask2_risk_spearman	0.9961	Spearman r	signature-only masking, reference	validation/results/stress_pancohort_summary.tsv	mask_type=signature, level=0.02, risk_spearman_median	1.0.0	1.0.0	signature-gene coverage = 0.98
Gsig_mask5_risk_spearman	0.9827	Spearman r	signature-only masking, reference	validation/results/stress_pancohort_summary.tsv	mask_type=signature, level=0.05, risk_spearman_median	1.0.0	1.0.0	signature-gene coverage = 0.95
Gsig_mask10_risk_spearman	0.9643	Spearman r	signature-only masking, reference	validation/results/stress_pancohort_summary.tsv	mask_type=signature, level=0.1, risk_spearman_median	1.0.0	1.0.0	signature-gene coverage = 0.90
Gsig_mask20_risk_spearman	0.924	Spearman r	signature-only masking, reference	validation/results/stress_pancohort_summary.tsv	mask_type=signature, level=0.2, risk_spearman_median	1.0.0	1.0.0	signature-gene coverage = 0.80
Gsig_mask30_risk_spearman	0.849	Spearman r	signature-only masking, reference	validation/results/stress_pancohort_summary.tsv	mask_type=signature, level=0.3, risk_spearman_median	1.0.0	1.0.0	signature-gene coverage = 0.70
golden_132_max_abs_delta	1.1e-16	absolute	golden reproducibility	tests/fixtures/golden_provenance.json	132 signature vs production path	1.0.0	1.0.0	
golden_43_max_abs_delta	2.4e-07	absolute	golden reproducibility	tests/fixtures/golden_provenance.json	43 concept vs original 04 archive	1.0.0	1.0.0	
golden_risk_max_abs_delta	1.06e-06	absolute	golden reproducibility	tests/fixtures/golden_provenance.json	M0-M3 risk vs production	1.0.0	1.0.0	
delta_uno_max_abs_median	0.0188746792207714	Uno C	global masking, all levels	validation/results/stress_pancohort_summary.tsv	|delta_uno_median| max	1.0.0	1.0.0	
gsig_genes	916	genes	signature gene set	src/compass_os/data/concept_gene_sets.tsv	unique symbols	1.0.0	1.0.0	
nonsig_genes	14756	genes	G_all - G_sig	validation/run_missing_gene_validation.py	computed at runtime	1.0.0	1.0.0	15,672 - 916
vocabulary_genes	15672	genes	COMPASS vocabulary	src/compass_os/data/gene_vocabulary.txt	lines	1.0.0	1.0.0	zero duplicate symbols
software_version	1.0.1	version	software release	paper_assets/SOFTWARE_PROVENANCE.tsv	release:* rows	1.0.0	1.0.0	COMPASS-OS
software_repository_url	https://github.com/RENSI203/COMPASS-OS	URL	software release	paper_assets/SOFTWARE_PROVENANCE.tsv	release:* rows	1.0.0	1.0.0	Software Availability
software_release_commit	3f2aeadf18770e4f88faaa5991b654763d2f3f6f	git SHA	software release	paper_assets/SOFTWARE_PROVENANCE.tsv	release:* rows	1.0.0	1.0.0	tag target
software_release_date	2026-10-03	date	software release	paper_assets/SOFTWARE_PROVENANCE.tsv	release:* rows	1.0.0	1.0.0	tag push date
software_version	1.0.1	version	software release	paper_assets/SOFTWARE_PROVENANCE.tsv	release:* rows	1.0.1	1.0.0	v1.0.1 bug-fix release (v1.0.0 tag unchanged)
