component	version	source_or_hash	notes
python	3.12.14	sys.version	Linux-6.18.33.2-microsoft-standard-WSL2-x86_64-with-glibc2.39
numpy	2.5.2	importlib	
pandas	2.2.3	importlib	
scipy	1.18.1	importlib	
sklearn	1.9.0	importlib	
sksurv	0.28.0	importlib	
torch	2.10.0+cpu	importlib	
matplotlib	3.10.8	importlib	
compass (upstream, vendored)	2.5.3	third_party/compass/__init__.py sha256=644d115b9326a1f9	upstream MIT license; vendored copy is the default execution path
compass-os	1.0.0	src/compass_os/__init__.py	public package version
asset:pretrainer_ckpt	frozen_model	sha256=4fd174b45be816f3b1b3da32541a1c99	COMPASS 预训练 checkpoint：encoder + 132 基因集 / 43 概念投影 + Datascaler
asset:lock_M0	frozen_model	sha256=f368eb2e399f16162dbab168c474b094	M0 锁定 Cox 头（仅临床基线）
asset:lock_M1	frozen_model	sha256=d4998ecf646aa264a05462881536fadf	M1 锁定 Cox 头（仅 43 概念）
asset:lock_M2	frozen_model	sha256=5aac2cd089934f627ad04942a9ec27f8	M2 锁定 Cox 头（主模型：临床 + 43 概念）
asset:lock_M3	frozen_model	sha256=dfe17fc56c573b2c351de4c7d7082953	M3 锁定 Cox 头（M2 + PC1–10，敏感性模型）
asset:pca_M3	frozen_model	sha256=e1f20fcc20be58681a40b47e5bea4bd2	M3 的锁定 PCA（components/mean/scale/genes），禁止在用户队列重拟合
asset:qc_config	frozen_config	sha256=098dc59b752fcc64a1959370a345feae	由 missing-gene stress test 实测曲线确定的 QC 阈值（global 轴已定；Gsig 待补）
asset:upstream_compass_pkg	upstream_code	sha256=9965b10fee21f644dda6a34aa5b07a1a	上游 COMPASS 包源码 + tokenizer 资产（conception_processed.tsv 等）
asset:gene_vocabulary	derived_data	sha256=717f7de237d8d71d70fb3a303fea4c3d	从冻结 checkpoint 的 feature_name 导出的 15,672 基因词表（顺序权威）
asset:cancer_codes	derived_data	sha256=fe3b7b8c1a219cbcc56d0e4fe61b344f	从冻结 cancer_code.json 派生的癌种码表（真实 COMPASS code + CT_* 列名）
qc_config	1.0.0	sha256=098dc59b752fcc64a1959370a345feae	recommended 0.9/0.9; warning 0.7/0.7
golden fixtures	1.0.0	sha256=237edecab447eb21a95aacbe5d06abdb	expected values generated by the production pipeline
release: github repository	1.0.0	https://github.com/RENSI203/COMPASS-OS	public repository (MIT); pushed via SSH over port 443
release: annotated tag	v1.0.0	tag object 7260dd226082af740ac564dba6ae06bb9b69b6c8 -> commit 3f2aeadf18770e4f88faaa5991b654763d2f3f6f	immutable; do NOT move — use v1.0.1 for corrections
release: release commit	1.0.0	3f2aeadf18770e4f88faaa5991b654763d2f3f6f	'Bilingualize README (English canonical + Chinese for biomedical researchers)'
release: commit history	1.0.0	a237319 -> f909782 -> 3f2aead	initial release candidate -> release metadata -> bilingual README
release: release date	1.0.0	2026-10-03	tag push date (UTC+8)
release: tag URL	v1.0.0	https://github.com/RENSI203/COMPASS-OS/releases/tag/v1.0.0	GitHub Release notes based on RELEASE_NOTES_v1.0.0.md
