cancer_type	compass_code	ct_column	is_reference_level
NORMAL	-1		False
ACC	0		True
BLCA	1	CT_BLCA	False
BRCA	2	CT_BRCA	False
CESC	3	CT_CESC	False
CHOL	4	CT_CHOL	False
COAD	5	CT_COAD	False
DLBC	6	CT_DLBC	False
ESCA	7	CT_ESCA	False
GBM	8	CT_GBM	False
HNSC	9	CT_HNSC	False
KICH	10	CT_KICH	False
KIRC	11	CT_KIRC	False
KIRP	12	CT_KIRP	False
LAML	13	CT_LAML	False
LGG	14	CT_LGG	False
LIHC	15	CT_LIHC	False
LUAD	16	CT_LUAD	False
LUSC	17	CT_LUSC	False
MESO	18	CT_MESO	False
OV	19	CT_OV	False
PAAD	20	CT_PAAD	False
PCPG	21	CT_PCPG	False
PRAD	22	CT_PRAD	False
READ	23	CT_READ	False
SARC	24	CT_SARC	False
SKCM	25	CT_SKCM	False
STAD	26	CT_STAD	False
TGCT	27	CT_TGCT	False
THCA	28	CT_THCA	False
THYM	29	CT_THYM	False
UCEC	30	CT_UCEC	False
UCS	31	CT_UCS	False
UVM	32	CT_UVM	False
