gene_set	broad_pathway	n_genes	genes
Bcell_l_Danaher17	Bcell_general	8	BLK:CD19:MS4A1:TNFRSF17:FCRL2:PNOC:SPIB:TCL1A
Bcell_sc	Bcell_general	6	CD19:MS4A1:TNFRSF13C:VPREB3:PAX5:CR2
MemBcell_sc	Memory_Bcell	3	TNFRSF13B:AIM2:CLECL1
NaiBcell_sc	Naive_Bcell	5	CD72:TCL1A:FCER2:BTLA:FCRL1
Plasma_sc	Plasma_cell	6	JSRP1:DERL3:FCRL2:FCRL5:IGLL5:TNFRSF17
CD4Tcell_Combes22	CD4_Tcell	12	BACH2:TRABD2A:IL7R:HDAC4:NR3C2:ADD3:PABPC1:PABPC3:MFHAS1:DSC1:SELL:SESN1
CD4Tcell_IL2_I_Kaptein2022	CD4_Tcell	10	IL2:CD4:ICOS:EOMES:IL21R:IL2RA:IL2RB:IL2RG:CD40LG:CD48
CD4Tcell_sc	CD4_Tcell	5	CD4:TRAT1:CD40LG:LEF1:TNFRSF4
Th17CD4Tcell_sc	CD4_Tcell	4	IL17A:IL17RE:RORC:IL23R
CD8Tcell_sc	CD8_Tcell	2	CD8A:CD8B
BadCD8Tcell_l_SadeFeldman18	CD8_Tcell	19	CD38:CTLA4:ENTPD1:EPSTI1:FABP5:HAVCR2:NDUFB3:PDCD1:PRDX3:SIRPG:SNAP47:SNRPD1:UBE2F:WARS1:CXCL13:AFAP1L2:TNFRSF9:MYO7A:GOLIM4
CD8Tcell_Combes22	CD8_Tcell	37	FASLG:CD8A:SETBP1:CTSW:APOBEC3C:APOBEC3G:BTNL8:HLA-DPB1:ULBP3:RAD51:WNT9A:HLA-DMA:CERS5:CD8B:NKG7:ZNF696:MCM5:DPF3:TTC24:YARS1:EBP:TRPS1:GZMH:VCAM1:LAG3:CRIM1:NAA40:GRIK4:PSMB9:HLA-DMB:SERP2:HOXB4:CASP7:TMCC2:ARPC5L:MCTP2:LYST
DualExpandedTcell_l_Wu20	CD8_Tcell	21	NKG7:CD8A:GZMH:CD8B:HCST:CST7:KLRD1:GZMA:CTSW:PRF1:GZMB:GZMM:KLRK1:HLA-C:KLRC4:AOAH:GNLY:MATK:ZNF683:ABI3:KLRC2
GoodCD8Tcell_l_SadeFeldman18	CD8_Tcell	6	IL7R:PLAC8:SELL:ADD3:TNFAIP8:TCF7
ResourceCD8Tcell_sc	CD8_Tcell	10	S1PR5:KLRG1:SLAMF6:CXCR3:S1PR1:ITGB7:CD8A:IL7R:TCF7:PDCD1
CMCD4Tcell_sc	Memory_Tcell	7	PKIA:TNFRSF4:AP3M2:AQP3:STING1:SERINC5:CD40LG
MemTcell_sc	Memory_Tcell	8	GPR171:PKIA:AP3M2:SERINC5:PHACTR2:CD84:GZMK:IL7R
NaiTcell_l_Li19	Naive_Tcell	3	CCR7:IL7R:TCF7
NaiTcell_sc	Naive_Tcell	6	TCF7:LEF1:NELL2:CAMK4:MAL:TRABD2A
Tcell_markers	Tcell_general	5	MMP2:SERPINE1:CXCR4:CTLA4:CXCL3
Tcell_Combes22	Tcell_general	25	CD40LG:TBX21:SH2D1A:PYHIN1:ZNF831:CD6:THEMIS:UBASH3A:TRAT1:EOMES:GRAP2:ZAP70:SIRPG:ICOS:FASLG:CD8A:CD8B:ITK:GZMA:KLRK1:GZMH:GZMK:CD3D:CD3E:CD3G
Tcell_IL7Rmax_sc	Tcell_general	15	CXCR6:SLC4A10:IL7R:IL18RAP:LGALS3:ZBTB16:CXXC5:NCR3:CEBPD:SLC4A10:CCR2:ADAM12:KLRB1:GZMK:PHACTR2
Tcell_l_Danaher17	Tcell_general	6	CD3D:CD3E:CD3G:CD6:SH2D1A:TRAT1
CytotoxSig_Davoli	Cytotoxic_Tcell	7	CD247:CD2:CD3E:GZMH:NKG7:PRF1:GZMK
CytotoxTcell_Jiang	Cytotoxic_Tcell	5	CD8A:CD8B:GZMA:GZMB:PRF1
CytoxAct_Rooney	Cytotoxic_Tcell	2	GZMA:PRF1
Cytotoxic_l_Danaher17	Cytotoxic_Tcell	10	CTSW:GNLY:GZMA:GZMB:GZMH:KLRB1:KLRD1:KLRK1:PRF1:NKG7
CytotoxTcell_sc	Cytotoxic_Tcell	10	GZMH:KLRD1:FGFBP2:GZMB:PRF1:SAMD3:MATK:GNLY:NKG7:GZMA
CytoxTcell_l_Li19	Cytotoxic_Tcell	6	GZMH:GNLY:FGFBP2:CX3CR1:KLF2:TBX21
ExhTcell_Jiang	Exhausted_Tcell	45	HSPA1B:HSPA1A:NR4A2:RGS1:TNFAIP3:CAMK2N1:DUSP1:NR4A3:IFIT3:IFIT1B:FOSB:SAMD3:MACC1:VPS37B:TF:DSEL:SPATA20:DHX58:SPP1:TRIM15:DUSP26:ABI3:SFN:C1QC:RTP4:JUN:BCKDHB:POU6F1:CYSLTR2:SLC14A1:RGS16:CUEDC1:DEDD2:CPEB1:CTSS:TMEM88:SKI:BTG1:SYCP2L:RGS2:ABCB1:ADRB2:CD69:RNF166:TNN
ExhCD8Tcell_l_Danaher17	Exhausted_Tcell	4	CD244:EOMES:LAG3:PTGER4
ExhCD8Tcell_sc	Exhausted_Tcell	6	PDCD1:HAVCR2:LAG3:ENTPD1:CD38:TOX
ExhTcell_l_Li19	Exhausted_Tcell	12	TIGIT:PDCD1:LAG3:CXCL13:RBPJ:ZBED2:ETV1:ID3:MAF:PRDM1:EOMES:IFNG
ExhTcell_l_Tirosh16	Exhausted_Tcell	28	CXCL13:TNFRSF1B:RGS2:TIGIT:CD27:TNFRSF9:SLA:RNF19A:INPP5F:XCL2:HLA-DMA:FAM3C:UQCRC1:WARS1:EIF3L:KCNK5:TMBIM6:CD200:ZC3H7A:SH2D1A:ATP1B3:MYO7A:THADA:PARK7:EGR2:FDFT1:CRTAM:IFI16
Target_marker_GeneBio	Immune_checkpoint	3	PDCD1:CD274:CTLA4
Target_marker_CTLA4	Immune_checkpoint	1	CTLA4
Target_marker_PD1	Immune_checkpoint	1	PDCD1
Target_marker_PDL1	Immune_checkpoint	1	CD274
Immune_checkpoints	Immune_checkpoint	7	CD274:CTLA4:HAVCR2:LAG3:PDCD1:PDCD1LG2:TIGIT
RegTcell_Blood_l_Zhang18	Treg	7	FOXP3:IL2RA:IL10RA:IKZF2:RTKN2:CDC25B:S1PR4
RegTcell_Combes22	Treg	8	FOXP3:IL2RA:CD80:LAIR2:CCR8:CCL22:TNFRSF13B:TNFRSF18
RegTcell_l_Li19	Treg	3	FOXP3:IL2RA:IKZF2
RegTcell_sc	Treg	5	FOXP3:CCR8:CCR4:RTKN2:CTLA4
RegTcell_Tumor_l_Zhang18	Treg	9	FOXP3:CCR8:TNFRSF18:LAYN:IKZF2:RTKN2:CTLA4:BATF:IL21R
CD56brightNK_sc	NKcell	6	XCL1:SELL:CCR7:FUT7:KLRC1:TNFRSF18
CD56dimNK_l_Danaher17	NKcell	4	IL21R:KIR2DL3:KIR3DL1:KIR3DL2
CD56dimNK_sc	NKcell	6	CD160:SPON2:FCGR3A:FGFBP2:S1PR5:FCRL6
NK_l_Danaher17	NKcell	3	NCR1:XCL2:XCL1
NKcell_sc	NKcell	6	NCR1:LIM2:KIR2DL4:KLRC1:IL18RAP:KLRF1
ILC1	Innate_lymphoid_cell	18	EOMES:GZMB:HLA-E:IFNG:IL12RB1:IL12RB2:IL15RA:IL18RAP:IL2RB:KIR2DL1:KIR3DL1:NCR1:PRF1:RUNX3:STAT4:SYK:TBX21:TNF
ILC2	Innate_lymphoid_cell	15	BCL11B:CRLF2:GATA3:ICOS:IL13:IL17RB:IL2RA:IL4:IL5:IL9:KIT:MPL:RORA:TSLP:VIPR2
ILC3	Innate_lymphoid_cell	18	AHR:ARNTL:CCL20:CCR6:CD40LG:IL17A:IL17F:IL1R1:IL22:IL23R:LIF:LTA:LTBR:MADCAM1:NFKBIZ:NKX2-3:RORC:STAT3
cDC_CCR7_sc	cDC	7	CCL22:CCL17:CCL19:HMSD:NCCRP1:UBD:CRLF2
cDC_sc	cDC	6	FLT3:UPK3A:CLEC9A:CCL22:ZNF366:CD1C
cDC1_Combes22	cDC	5	IDO1:C1orf54:XCR1:CLEC9A:BATF3
cDC1_I_Liu2018	cDC	4	BATF3:IRF8:THBD:CLEC9A
cDC1_sc	cDC	7	CLEC9A:XCR1:XCR1:CLNK:ENPP1:PPM1J:ZNF366
cDC2_Combes22	cDC	5	FCER1A:CD1C:CD1E:CD1D:CLEC10A
cDC2_sc	cDC	4	ENHO:CD1C:CLEC10A:CD1E
pDC_sc	pDC	7	CLEC4C:LILRA4:LRRC26:SCT:ASIP:SLC12A3:PTCRA
Macrophage_TAM	Macrophage	48	F13A1:FCER1A:CCL17:FOXQ1:ESPNL:CD1A:GATM:CCL13:PALLD:GALNT18:MAOA:RAMP1:STAB1:CCL26:PARM1:CD1E:ITM2C:CALCRL:CRH:RGS18:MS4A6A:DHRS2:PON2:ALOX15:RAB33A:MOCOS:IL17RB:FABP4:CMTM8:QPRT:CDR2L:DUOXA1:ABCC4:SYT17:PPP1R14A:PDGFC:GPT:FAM189A2:RASAL1:IPCEF1:ZNF366:MAP4K1:RAB30:PCED1B:TMIGD3:SH3BP4:RRS1:RNASE1
Macrophage_Combes22	Macrophage	5	APOE:TREM2:C1QB:C1QC:VSIG4
Macrophage_CXCL9_sc	Macrophage	3	CXCL10:CXCL11:CXCL9
Macrophage_l_Danaher17	Macrophage	4	CD163:CD68:CD84:MS4A4A
Macrophage_MARCO_sc	Macrophage	4	MARCO:CXCL5:SLAMF9:MMP19
Macrophage_MSR1_sc	Macrophage	6	TREM2:CD209:PLA2G7:SLCO2B1:SIGLEC1:FOLR2
Macrophage_sc	Macrophage	7	VSIG4:MSR1:CD163:TREM2:LILRB5:SDS:SLCO2B1
ClassMonocyte_Combes22	Monocyte	5	S100A8:S100A9:VCAN:FCN1:LYZ
ClassMonocyte_sc	Monocyte	4	S100A12:CLEC4D:FCAR:MCEMP1
NClassMonocyte_sc	Monocyte	5	LYPD2:GPBAR1:CDH23:LIPN:MS4A14
InflamMonocyte_sc	Monocyte	4	SOD2:IL1B:IER3:CAMP
Monocyte_sc	Monocyte	7	CD300E:SLC11A1:CLEC12A:FCN1:LILRA5:LYPD2:S100A12
Myeloid_Combes22	Myeloid	28	CLEC10A:CD1E:CD1C:VSIG4:CD33:CD300LB:MS4A7:LY86:CLEC5A:LILRB4:FCER1A:LILRB2:CSF1R:LILRA1:MPEG1:FCN1:RNASE6:FPR3:CYBB:MS4A4A:MS4A4E:OLR1:CD163:WDFY4:SIGLEC7:MS4A14:SIGLEC1:CD300E
Myeloid_sc	Myeloid	12	CSF3R:MS4A6A:MS4A7:MNDA:C5AR1:FCGR2A:C3AR1:FPR1:LILRB2:HDC:FCGR3B:CCL22
Basophil_sc	Granulocyte	5	CLC:MS4A3:HDC:CPA3:IL4
Eosinophil_sc	Granulocyte	8	CLC:PRG2:EPX:RNASE3:RNASE2:SIGLEC8:FUT9:CCR3
Granulocyte_sc	Granulocyte	5	MPO:CTSG:FCGR3B:CLC:HDC
Neutrophil_sc	Granulocyte	6	ELANE:MPO:PRTN3:CTSG:AZU1:FCGR3B
Mast_sc	Mast	4	TPSAB1:CPA3:HPGDS:VWA5A
Mast_l_Danaher17	Mast	4	MS4A2:TPSAB1:CPA3:HDC
Erythrocyte_sc	Erythrocyte	8	PAN3:KCNN4:ERMAP:TPM1:HBB:AHSP:CA1:HBD
Platelet_sc	Platelet	7	ACRBP:GP9:ITGB3:PF4:PPBP:TREML1:TMEM40
HematoStem_sc	Stem	4	AVP:CRHBP:CD34:NRIP1
Stroma_Combes22	Stroma	21	CDH11:DCN:PDGFRA:COL1A2:ISLR:COL1A1:COL14A1:FNDC1:BGN:COL5A2:POSTN:PCDH18:ADAMTS12:MXRA5:SULF1:EDNRA:PRRX1:COL3A1:THY1:LUM:COL12A1
Pericyte_sc	Pericyte	5	SOD3:CSPG4:RGS5:NDUFA4L2:COX4I2
Nurmik_CAFs	Fibroblast	4	FAP:ACTA2:MFAP5:COL11A1
Fibroblast_sc	Fibroblast	9	PDGFRB:DCN:PCOLCE:EMILIN1:CYGB:MFAP4:TCF21:BGN:ACTA2
InflamFibroblast_sc	Fibroblast	6	IL11:CHI3L1:WNT2:CEMIP:COL7A1:MMP3
Endothelial_sc	Endothelial	6	CDH5:ECSCR:KDR:TIE1:MYCT1:FLT4
Endothelial_Kahn20	Endothelial	7	ANGPT2:CDH5:ESAM:ESM1:ERG:ICAM2:TIE1
Cholangiocyte_sc	Epithelial	12	KRT7:SOX9:EPCAM:KRT19:TFF1:CLDN4:MMP7:TFF2:SFRP5:SLC12A2:CITED4:FGFR2
Epithelial_sc	Epithelial	7	EPCAM:KLK1:SMIM22:LGALS4:CLDN7:CDH1:HMGCS2
Mesothelial_sc	Mesothelial	6	CCDC80:UPK3B:PLA2G2A:PTGIS:PRG4:CALB2
Adipocyte_sc	Adipocyte	9	LEP:FABP4:TCF21:ADIPOQ:P2RX5:UCP1:CIDEA:PRDM16:LHX8
Hepatocyte_sc	Hepatocyte	5	ALDOB:APOH:PCK1:APOC3:TAT
PancreaticEndocrine_sc	Pancreatic	18	GCG:GC:IRX2:CRYBA2:INS:IAPP:HADH:ADCYAP1:MAFA:LEPR:RGS2:RBP4:BAIAP3:PPY:STMN2:DPYSL3:FGB:MEIS1
Pneumocyte_sc	Pneumocyte	6	ABCA3:PGC:AGER:NAPSA:SPTB:CFTR
Anti apoptosis pathway	Apoptosis_pathway	4	BCL2:BCL2L1:BCL2L2:MCL1
Pro apoptotic pathway	Apoptosis_pathway	12	BAX:BID:BAD:BBC3:PMAIP1:BCL2L11:CASP3:CASP8:CASP9:FAS:FASLG:TNF
Fehrenbacher_Teff	IFNg_pathway	8	CD8A:GZMA:GZMB:IFNG:EOMES:CXCL9:CXCL10:TBX21
Ayers_IFNg6	IFNg_pathway	6	IDO1:CXCL10:CXCL9:HLA-DRA:STAT1:IFNG
Ayers_IFNg18	IFNg_pathway	17	CD3D:IDO1:CIITA:CD3E:GZMK:CD2:HLA-DRA:CXCL13:IL2RG:NKG7:HLA-E:CXCR6:LAG3:TAGAP:CXCL10:STAT1:GZMB
IFNG_l_Rozeman21	IFNg_pathway	10	IFNG:CCR5:CXCL11:IDO1:PRF1:GZMA:HLA-DRA:CXCL10:CXCL9:STAT1
TGFb_pan	TGFb_pathway	17	ACTA2:ACTG2:ADAM12:ADAM19:CNN1:COL4A1:CTPS1:FSTL3:HSPB1:IGFBP3:PXDC1:SEMA7A:SH3PXD2A:TAGLN:TGFBI:TNS1:TPM1
EMT1	TGFb_pathway	8	CLDN3:CLDN7:CLDN4:CDH1:VIM:TWIST1:ZEB1:ZEB2
EMT2	TGFb_pathway	7	AXL:FAP:LOXL2:ROR2:TAGLN:TWIST2:WNT5A
EMT3	TGFb_pathway	6	FOXF1:GATA6:SOX9:TWIST1:ZEB1:ZEB2
TGFb_set	TGFb_pathway	3	TGFB1:ACVR1:TGFBR2
TGFb_CCR	TGFb_pathway	15	ACVR1:CCL24:FLT4:IFNGR1:IL4R:IL6ST:KIT:LIF:PDGFA:PDGFRB:TGFB1:TGFBR2:TNFRSF10B:TNFRSF14:TNFRSF1A
Cytokine_Ils	Cytokine	40	IL2:IL1B:IL10:IL19:IL6R:IL5:IL21:IL12B:IL23A:IL2RA:IL1F10:IL20:IL18:IL7:IL27:IL4:IL36A:IL25:IL36RN:IL34:IL1RN:IL15:IL9:IL17F:IL11:IL17C:IL17B:IL36G:IL32:IL24:IL31:IL17A:IL26:IL37:IL1A:IL3:IL33:IL22:IL16:IL6
Cytokine_TNF	Cytokine	16	FASLG:TNFSF12:TNF:TNFSF8:TNFSF13:TNFSF14:TNFSF18:TNFSF4:TNFSF11:TNFSF9:TNFSF10:TNFSF15:CD40LG:TNFRSF9:LTA:TNFRSF11B
Cytokine_IFNs	Cytokine	20	IFNA7:IFNA6:IFNA4:IFNA2:IFNA8:IFNA10:IFNA1:IFNA13:IFNA17:IFNA21:IFNA5:IFNA14:IFNW1:IFNL2:IFNL1:IFNL3:IFNK:IFNG:IFNB1:IFNE
Cytokine_GF	Cytokine	51	BMP2:BMP6:BMP15:BMP7:BMP8A:BMP8B:INHBA:INHBB:INHBC:INHBE:GDF9:GDF11:GDF15:GDF3:GDF5:GDF6:GDF7:BMP4:BMP5:BMP1:GREM1:OSM:TGFB3:LEFTY1:WNT2B:WNT7A:NOG:WNT5B:KITLG:WNT16:WNT2:BMP10:GREM2:WNT4:WNT3:ALKAL1:WNT9B:WNT6:WNT1:WNT9A:WNT3A:WNT10A:WNT10B:VEGFA:NAMPT:AIMP1:FGF2:THPO:MSTN:MYDGF:SCG2
Cytokine_CSF	Cytokine	5	FLT3LG:CSF3:CNTF:CSF2:CSF1
Cytokine_Chemokines	Cytokine	32	CCL17:CCL2:CXCL8:CCL19:CXCL2:CXCL3:CXCL13:CCL24:CXCL9:XCL1:CCL8:CCL20:CCL11:CXCL6:CCL7:CXCL5:CCL13:CCL28:CXCL12:CCL1:CXCL17:CCL22:CCL25:CXCL10:CXCL1:CCL26:CXCL14:CXCL16:CXCL11:CX3CL1:XCL2:SCGB3A1
Messina_CKS	Cytokine	8	CCL2:CCL8:CCL19:CCL21:CXCL9:CXCL10:CXCL11:CXCL13
Proliferating_G1S_sc	Cell_proliferation	21	ATAD2:BLM:BRIP1:CCNE2:CDC45:CDC6:CDCA7:CHAF1B:CLSPN:DTL:E2F8:EXO1:FEN1:GINS2:GMNN:HELLS:MCM2:MCM4:POLA1:RAD51:UNG
Proliferating_G2M_sc	Cell_proliferation	16	ANLN:AURKA:AURKB:BIRC5:CDC20:CDCA2:CDCA3:CDK1:CENPA:CENPE:KIF11:KIF23:MKI67:NEK2:TOP2A:UBE2C
Proliferating_sc	Cell_proliferation	10	MCM7:DTYMK:SKA2:SAE1:RFC2:GMPS:MKI67:PCNA:STMN1:HMGB2
TLS_v1_Cabrita20	TLS	8	CD79B:CD1D:LAT:SKAP1:CETP:EIF1AY:RBP5:PTGDS
TLS_v2_Cabrita20	TLS	7	CCL19:CCL21:CXCL13:CCR7:CXCR5:SELL:LAMP3
DNA_replication	Genome_integrity	11	FEN1:LIG1:MCM2:MCM4:MCM7:POLD1:POLE:POLE3:RFC2:RNASEH2A:RPA1
Cell_cycle	Genome_integrity	16	ANAPC2:CCNB1:CDC20:CDC25A:CDC45:CDC6:CDKN2B:E2F1:E2F2:ESPL1:MCM2:MCM4:MCM7:PKMYT1:TFDP1:TTK
Cell_cycle_reg	Genome_integrity	10	ATM:CCND1:CCNE1:CDKN1A:CDKN2A:E2F3:FBXW7:MDM2:RB1:TP53
Nucleotide_excision_repair	Genome_integrity	8	LIG1:POLD1:POLE:POLE3:RAD23A:RAD23B:RFC2:RPA1
Fanconi_anemia	Genome_integrity	7	ATRIP:EME1:FANCC:FANCG:RAD51:RMI1:RPA1
Homologous_recombination	Genome_integrity	5	EME1:POLD1:RAD51:RAD54L:RPA1
Base_excision_repair	Genome_integrity	5	FEN1:LIG1:POLD1:POLE:POLE3
APOBEC_set	Genome_integrity	2	APOBEC3A:APOBEC3B
Ubiquitous_immune_sc	Reference	4	ACTB:HNRNPK:UBC:YWHAZ
Ubiquitous_sc	Reference	6	ACTB:HNRNPK:HNRNPU:SNRPD3:SRRM1:ZNF207
Reference_NanoString09	Reference	18	ABCF1:ACTB:ALAS1:B2M:CLTC:G6PD:GAPDH:GUSB:HPRT1:LDHA:PGK1:POLR1B:POLR2A:RPL19:RPLP0:SDHA:TBP:TUBB
