mask_type	level	strategy	n_cohorts	gene_coverage	risk_pearson_median	risk_pearson_q25	risk_pearson_q75	risk_pearson_ci_lo	risk_pearson_ci_hi	risk_spearman_median	risk_spearman_q25	risk_spearman_q75	risk_spearman_ci_lo	risk_spearman_ci_hi	risk_rank_spearman_median	risk_rank_spearman_q25	risk_rank_spearman_q75	risk_rank_spearman_ci_lo	risk_rank_spearman_ci_hi	group_agreement_median	group_agreement_q25	group_agreement_q75	group_agreement_ci_lo	group_agreement_ci_hi	risk_mad_median	risk_mad_q25	risk_mad_q75	risk_mad_ci_lo	risk_mad_ci_hi	risk_delta_median_median	risk_delta_median_q25	risk_delta_median_q75	risk_delta_median_ci_lo	risk_delta_median_ci_hi	risk_delta_p95_median	risk_delta_p95_q25	risk_delta_p95_q75	risk_delta_p95_ci_lo	risk_delta_p95_ci_hi	delta_uno_median	delta_uno_q25	delta_uno_q75	delta_uno_ci_lo	delta_uno_ci_hi	concept_sample_r_median_median	concept_sample_r_median_q25	concept_sample_r_median_q75	concept_sample_r_median_ci_lo	concept_sample_r_median_ci_hi	concept_sample_r_q05_median	concept_sample_r_q05_q25	concept_sample_r_q05_q75	concept_sample_r_q05_ci_lo	concept_sample_r_q05_ci_hi	concept_feature_r_median_median	concept_feature_r_median_q25	concept_feature_r_median_q75	concept_feature_r_median_ci_lo	concept_feature_r_median_ci_hi	concept_mad_median	concept_mad_q25	concept_mad_q75	concept_mad_ci_lo	concept_mad_ci_hi	concept_rmse_median	concept_rmse_q25	concept_rmse_q75	concept_rmse_ci_lo	concept_rmse_ci_hi	signature_sample_r_median_median	signature_sample_r_median_q25	signature_sample_r_median_q75	signature_sample_r_median_ci_lo	signature_sample_r_median_ci_hi	signature_sample_r_q05_median	signature_sample_r_q05_q25	signature_sample_r_q05_q75	signature_sample_r_q05_ci_lo	signature_sample_r_q05_ci_hi	signature_feature_r_median_median	signature_feature_r_median_q25	signature_feature_r_median_q75	signature_feature_r_median_ci_lo	signature_feature_r_median_ci_hi	signature_mad_median	signature_mad_q25	signature_mad_q75	signature_mad_ci_lo	signature_mad_ci_hi	signature_rmse_median	signature_rmse_q25	signature_rmse_q75	signature_rmse_ci_lo	signature_rmse_ci_hi	axis_coverage	axis_name
empirical	0.0	reference	38	0.9668198060234814	1.0	1.0	1.0	1.0	1.0	1.0	1.0	1.0	1.0	1.0	1.0	1.0	1.0	1.0	1.0	1.0	1.0	1.0	1.0	1.0	0.0	0.0	0.0	0.0	0.0	0.0	0.0	0.0	0.0	0.0	0.0	0.0	0.0	0.0	0.0	0.0	0.0	0.0	0.0	0.0	1.0	1.0	1.0	1.0	1.0	0.9999999999999996	0.9999999999999996	0.9999999999999996	0.9999999999999996	0.9999999999999996	1.0	1.0	1.0	1.0	1.0	0.0	0.0	0.0	0.0	0.0	0.0	0.0	0.0	0.0	0.0	1.0	1.0	1.0	1.0	1.0	0.9999999999999996	0.9999999999999996	0.9999999999999998	0.9999999999999996	0.9999999999999998	1.0	1.0	1.0	1.0	1.0	0.0	0.0	0.0	0.0	0.0	0.0	0.0	0.0	0.0	0.0	1.0	
empirical	0.0	zero	38	0.9668198060234814	0.9999998772884751	0.9999996682171329	0.9999999142815735	0.9999997962809872	0.9999998932415404	1.0	0.9999039615846338	1.0	0.999951980792317	1.0	1.0	0.9999039615846338	1.0	0.999951980792317	1.0	1.0	0.94	1.0	0.9791304347826086	1.0	0.0658384532773386	0.0656883774072679	0.2284056024295872	0.0657172687542206	0.10671930375488156	0.0658426987473261	0.06568557666142623	0.22837950707545962	0.0657043163743426	0.10672864550261316	0.0661247974652043	0.0659591991625708	0.27688902290105505	0.0660441557827425	0.10690764585696015	0.0	0.0	0.0	0.0	0.0	0.9444200978492071	0.9232652251517521	0.9520659532214663	0.9348664476405809	0.947617254832054	0.9359559399256152	0.9138579327172696	0.9428496923271361	0.9297546779269952	0.9383432401007614	0.9999999308481189	0.9999999054289499	0.9999999642617836	0.9999999153859964	0.9999999525674499	0.0181778090456387	0.018162183508244376	0.028042107970686576	0.01816508727098085	0.02390033675574285	0.07471367467650125	0.07467075559734272	0.08995572052130615	0.0746865663420085	0.0789542387300496	0.9344831680612438	0.9236486726348051	0.9452816514683707	0.9328902961407289	0.9407551691322562	0.9299292495002679	0.9193986080863126	0.9380009133414776	0.9263806429691994	0.935357860222358	0.999999938581678	0.9999999118157394	0.9999999675736675	0.9999999266259025	0.9999999535498518	0.02919846661219535	0.02916294291502595	0.03732156920086032	0.029189297977947802	0.03005057598605295	0.11799120907261354	0.11301731700818943	0.11921741741238664	0.11792577932727971	0.11813944377291374	1.0	
global	0.05	reference	12	0.9499744767738644	0.9902885744266982	0.9886309112205621	0.99118150492308	0.9885832571673534	0.9912753099146141	0.9863156432342318	0.9841692136704642	0.9894067796610171	0.9837871631008615	0.9894276187829955	0.9863156432342318	0.9841692136704642	0.9894067796610171	0.9837871631008615	0.9894276187829955	0.9916666666666666	0.9666666666666666	1.0	0.95	1.0	0.08439733348202047	0.06554178382262463	0.09335660455407556	0.06458846809719322	0.09424861571349152	0.07602675551523455	0.0632492691960973	0.0928633519061304	0.063072856112275	0.09415744648817582	0.15140231342946942	0.12290066021550196	0.1661608738817357	0.12181326210803782	0.1681029590197884	0.0030349319453589502	-0.002211124446254175	0.0041737067757236755	-0.0029482079688774	0.0047210510762835	0.995128959012803	0.9920422706407417	0.9957454004485519	0.9919661223634565	0.9957559467060613	0.9912387752978882	0.9890548774253699	0.9922348010951088	0.9886053301066378	0.9923834533808931	0.9999792200222877	0.9999722178053618	0.9999844336714245	0.9999694966592851	0.9999844965522573	0.0099923970490579	0.009310564735072701	0.010872877414906564	0.00929183323424065	0.010994160871728475	0.02444121754718025	0.02283903512441495	0.028020821634558987	0.02282662033157315	0.028178994526852824	0.9934343538236519	0.9922470778803074	0.9945313786774506	0.9922406634492265	0.9945515690851661	0.9889135796868501	0.9877302793394916	0.9900632196121131	0.9875422914312197	0.9905999723586074	0.9999979319578132	0.9999974385549876	0.9999984122866192	0.9999974240617218	0.9999984219975031	0.011184787607488325	0.0106691507891883	0.011583966311335424	0.010627326401035149	0.01166094566690685	0.04028257447963282	0.0359694404812189	0.04124459546574899	0.035572767686401705	0.04144345574781483	0.9499744767738644	global gene coverage
global	0.1	reference	12	0.9000127616130679	0.9646080113736731	0.9583205046128671	0.9726750492686835	0.9580218034850572	0.9739546766995575	0.9592942484023342	0.9501528202278413	0.9686162823006391	0.9499027507641014	0.9690191719922201	0.9592942484023342	0.9501528202278413	0.9686162823006391	0.9499027507641014	0.9690191719922201	0.9916666666666666	0.9166666666666667	1.0	0.8666666666666667	1.0	0.1428462653385602	0.13010541071869125	0.15066762470217865	0.12874851090810457	0.15318923212756683	0.13268255128739598	0.1232960293049663	0.1513103094349263	0.12236204904156364	0.1520231505826427	0.2386743869972151	0.22634834822723715	0.25708318652164963	0.2258010348023613	0.2575173599034366	-0.00358082092995125	-0.00554505784478	0.0009314920067334	-0.00635711807270415	0.00094443330381745	0.984318350001679	0.9816750389551379	0.987609200608978	0.9803227839801549	0.9877221793448272	0.9779715945181479	0.9702994235827492	0.9804415563859823	0.9699832075978261	0.9804745989200183	0.9986317651854877	0.9983338351703004	0.998862902695598	0.998306613488315	0.998898781779507	0.0197925712778246	0.01901694741601205	0.021204303944126424	0.018980444889792402	0.02126322554488925	0.043032655313189824	0.04031182544355188	0.04463528391654896	0.04023464581878125	0.04486936556370602	0.9860821409729252	0.9803848505878215	0.9872058816001577	0.9802918254256037	0.987374261366889	0.9780453186697701	0.9728200986537741	0.9815161982895338	0.9727695932030215	0.9815502357816468	0.999949766547986	0.9999404997564363	0.9999580203900298	0.9999395862657137	0.9999582818340041	0.02217583818986745	0.020821717256595398	0.02339459921967121	0.020678842984459697	0.023701649146022775	0.06086544719886008	0.055104864197497036	0.0643081647104269	0.05482738851098368	0.06541904041023164	0.9000127616130679	global gene coverage
global	0.2	reference	12	0.8000255232261357	0.9328592059376024	0.9083680627402884	0.9458945633912804	0.9079235949821598	0.9463443816681949	0.922992497916088	0.9017435398721869	0.9289872186718535	0.9009863851069744	0.9292442345095863	0.922992497916088	0.9017435398721869	0.9289872186718535	0.9009863851069744	0.9292442345095863	0.9833333333333334	0.8770833333333333	1.0	0.8125	1.0	0.33488640282445375	0.2866184194553161	0.37248647574553584	0.2837327523097367	0.3726904034412342	0.3387048444041886	0.2837829594089121	0.3721400186762672	0.2826001083285015	0.37214133037726166	0.46393645247468657	0.41956815235345635	0.5222579512078884	0.4182635115851246	0.525646932421824	-0.00658544218281675	-0.008507581054286124	-0.0004900449471673001	-0.0086040110649666	0.0020946630017208	0.9539165037397285	0.9370680969713653	0.9657616284716913	0.9341832219224724	0.9658663415610889	0.9254553060787596	0.8986936977853972	0.9448383262766848	0.8985233706785439	0.9457052886316999	0.9816071659073273	0.980786910580149	0.982760589504873	0.9804712887362805	0.9827990080875808	0.0381902014033944	0.037355991699880575	0.0414386818918233	0.03699207944291695	0.0417195321007698	0.07523963054533653	0.06814747189753512	0.08298359722604853	0.06733663223947157	0.08375627844361212	0.9615612938128557	0.9549130610475965	0.9710981927701634	0.9536505573914213	0.9712091934098551	0.9465495550009397	0.940075421525022	0.9582227008631831	0.9391359041292805	0.9587431517894562	0.9920586900059796	0.9916780276321988	0.9927078978482603	0.9916087727596935	0.9927114053073931	0.04308015422124148	0.04027395260854233	0.044745761918190886	0.0397855129483334	0.045097340804976224	0.09614162749137317	0.0814350140931677	0.10001228466547504	0.08120829691390093	0.10124190815283379	0.8000255232261357	global gene coverage
global	0.3	reference	12	0.6999744767738643	0.8613754342965793	0.8331356032017381	0.8784756485200923	0.832220472629442	0.8813479091160512	0.8448874687413171	0.8323075854404003	0.8620727979994445	0.831633787163101	0.8654070575159768	0.8448874687413171	0.8323075854404003	0.8620727979994445	0.831633787163101	0.8654070575159768	0.9916666666666666	0.8916666666666666	1.0	0.8333333333333333	1.0	0.2791804310338831	0.2395076995773873	0.30070781550790254	0.2306663003008459	0.30262336741094054	0.2609642171992307	0.23625557423285154	0.2929128448332913	0.22603751468873587	0.2939741509665425	0.4710069416272701	0.44540233170723	0.5347087000505522	0.4376534096066157	0.5370104371151234	0.0015503688089847998	-0.008438697952559025	0.00743665069995165	-0.0091626199727393	0.00911982456628455	0.9304487811582577	0.8917303033749384	0.9433147102653323	0.8882087455597693	0.9437792871194175	0.8856076723188131	0.8440212960188019	0.9185924402364053	0.8430768406470437	0.919608976920038	0.9405323300111592	0.9325708219706281	0.941973107736594	0.931446347139662	0.9422473594778453	0.05239848957203917	0.0505140472242636	0.056485573838984005	0.050331652450895	0.0571111098245348	0.09211490836332843	0.08669600236511525	0.10359312101794725	0.0863168665743605	0.10547440247990741	0.9303778758694375	0.9190506318032756	0.9494448961812767	0.918278648969622	0.9495519104094606	0.9121756860087203	0.8975514072452634	0.9296982251584862	0.8967333609951651	0.9316865601718403	0.9562274960114443	0.9511543793906866	0.9586161666556652	0.9507522824915833	0.9587456999763408	0.06092764843405797	0.05870184701034849	0.06455353869388647	0.05813908527906263	0.06476029442820808	0.12868993002094692	0.1143147575638099	0.13302577356289658	0.11320396136917663	0.13367089950073482	0.6999744767738643	global gene coverage
global	0.4	reference	12	0.5999872383869321	0.8131408619473618	0.7725829100493866	0.8292044146405063	0.7692591200330403	0.8323554835804747	0.7928452347874411	0.7665740483467631	0.8204848569046959	0.7584606835232011	0.8255487635454294	0.7928452347874411	0.7665740483467631	0.8204848569046959	0.7584606835232011	0.8255487635454294	0.9833333333333334	0.7104166666666666	1.0	0.7041666666666666	1.0	0.41787181501443765	0.357592267597281	0.5007476844713532	0.3454862250788156	0.5217470756214327	0.4195591917618311	0.3418048463656079	0.5012805027682987	0.3328240504098754	0.5222091773932582	0.6559557903784994	0.6076015958316084	0.802465040788511	0.5901590410640878	0.8279069747933709	0.0028445116298147504	-0.016242375589246377	0.010187850402940325	-0.020497989090197052	0.01156627818070625	0.8589155259948063	0.8464595312949681	0.912691990494216	0.841790882762046	0.9128003329667906	0.8047905501650878	0.7779578319648509	0.8839814049364253	0.777341851461042	0.8845699169567882	0.8547421932096504	0.851170564406705	0.8668978203667963	0.850150446565012	0.8669854088690123	0.06632758951455447	0.06448877121996091	0.06905306710729017	0.0644700950257865	0.06962078298078715	0.1213987183801799	0.11133674182956887	0.1268327517484835	0.11047139511275984	0.12702470505915447	0.913490652549843	0.8948290991169093	0.9277215238628562	0.8936682748723503	0.9283733766211492	0.8945008642234278	0.8700811034531727	0.9080113157772544	0.8698978117877367	0.9104174234392872	0.8738526416407784	0.8703735946656348	0.8794581824186138	0.8702548248396894	0.8816065379702582	0.07520241249409135	0.07321247339925976	0.07686873166304489	0.07281387739325632	0.0772423356202327	0.14074545270223937	0.13424242919600626	0.1477542881221282	0.13274804309546	0.1478286984834052	0.5999872383869321	global gene coverage
global	0.5	reference	12	0.5	0.7407854954258193	0.7318230374411862	0.7820615815224473	0.729754499658571	0.787552541853118	0.7412892470130594	0.7139205334815228	0.7733467629897196	0.7120033342595167	0.7734509585996112	0.7412892470130594	0.7139205334815228	0.7733467629897196	0.7120033342595167	0.7734509585996112	0.95	0.6541666666666667	1.0	0.625	1.0	0.6510018330002287	0.41391695835664866	0.8257620579777838	0.409133620980143	0.8289320894161554	0.6536257313446494	0.37685390769585875	0.8128599502538072	0.3707295439913234	0.8235027364363403	1.0303327965664284	0.7882238311793681	1.1256769907809991	0.7536933320598611	1.1314245827056753	-0.0183029005185462	-0.026311385460968673	-0.01271598629935675	-0.026313630583837948	-0.0119081267259025	0.8039902993349056	0.7807598034587677	0.8719844533739031	0.7785494460553065	0.8755653342498504	0.7352710598052326	0.7090427382613312	0.84659027661775	0.7086698808372218	0.8521019882285402	0.778854704520502	0.7693609733613719	0.799274592958279	0.7673818266189532	0.8024831919098089	0.0784984912824602	0.07549538288126206	0.08189793427176087	0.07538284634694237	0.08308743945333757	0.14018647734412687	0.12857100766916754	0.15517699939848265	0.12725346627911271	0.1556779666588044	0.8891481913401414	0.8763911949567178	0.9043456889974586	0.8736301146586899	0.9058370847746606	0.8707345426253162	0.8469054312054816	0.8744951366420283	0.8464062995577664	0.877192805057543	0.7952260113891279	0.7830450370505518	0.8083588271214174	0.7825464822954016	0.8131414447076242	0.089662281760118	0.08542417169870768	0.09263783269397195	0.08475886779023575	0.0930793179401356	0.15907740933483835	0.15611892760788254	0.16442153682223315	0.15567364801410877	0.16476921290164537	0.5	global gene coverage
global	0.05	zero	12	0.9499744767738644	0.9902895224503665	0.9886241870719772	0.9911870934728251	0.9885798320597519	0.9912789796381185	0.9863156432342318	0.9842317310363992	0.9893928869130315	0.9838288413448182	0.9893998332870243	0.9863156432342318	0.9842317310363992	0.9893928869130315	0.9838288413448182	0.9893998332870243	0.9916666666666666	0.9500000000000001	1.0	0.9333333333333333	1.0	0.0934474930085105	0.08386458766945892	0.10307008561033715	0.0824294619460675	0.10589399082238204	0.0906959392490034	0.07478695339121184	0.10143382327390643	0.07461705751191156	0.10356420824722933	0.1442945194831342	0.1362667972835488	0.15614280205583686	0.1339959454597817	0.16097286786719248	0.0030349319453589502	-0.0020517861861581	0.0041737067757236755	-0.00262953144868525	0.0047210510762835	0.9883354961256725	0.9865073945111194	0.9891856398651399	0.986123706307429	0.9893424704093593	0.9798187092819721	0.9786485395601562	0.981852588080697	0.9786072090830036	0.9824596126983509	0.9999792541533052	0.9999718801004676	0.9999840655079194	0.9999690901206779	0.9999842761676345	0.015718920045674826	0.01207421483853435	0.016461857958196612	0.01200847551087295	0.016479820370744122	0.03978796441546628	0.03404887951399087	0.04148998293573554	0.03380996521405485	0.041628975840443574	0.984872389815554	0.9832959227320476	0.9886217440572036	0.9831842742062762	0.9889545605161368	0.9785448018729972	0.9762556345504749	0.9810980578770776	0.9761841490046671	0.9814447657503482	0.9999978207774242	0.9999971820610756	0.999998240276952	0.9999971136476272	0.9999982555663794	0.017679865371830923	0.014338010583764313	0.018883803926615202	0.014244942451036975	0.018896185327791602	0.05903848101917593	0.04966651499304235	0.06306004191642717	0.049407258075243196	0.06340816621332107	0.9499744767738644	global gene coverage
global	0.1	zero	12	0.9000127616130679	0.9646042607495933	0.9582951567535771	0.972689679416433	0.958000796626206	0.9739726485399236	0.9591414281744931	0.9501528202278413	0.9686162823006391	0.9499027507641014	0.9690191719922201	0.9591414281744931	0.9501528202278413	0.9686162823006391	0.9499027507641014	0.9690191719922201	0.9916666666666666	0.9145833333333333	1.0	0.8791666666666667	1.0	0.18792062294097797	0.15996059596952505	0.2339062042760511	0.159122256112522	0.23452484651943356	0.18530487513479732	0.15914665188347354	0.23229719209538965	0.15869015082361385	0.23299208506338648	0.29165294377893153	0.2511146063160937	0.33164700499869626	0.24921382851545779	0.3336687182722866	-0.0044071366542675	-0.006591202064671775	0.0009054509841834001	-0.0073951472384555	0.0009185507096493501	0.9659432038925599	0.9630387930507728	0.9726016687349879	0.9628562755341954	0.9728473446693364	0.9509562244995968	0.9456521167229315	0.9544311050565549	0.9440207787486262	0.9554068045911226	0.9986340131735842	0.9983417050410932	0.9988618341148701	0.9983227287403292	0.9988981859400329	0.0293107228106603	0.02490761034887679	0.03319141355080546	0.024614058125954977	0.03332856786022202	0.06289132799689583	0.05550562614864931	0.06605301613074453	0.05516777405337257	0.06739318748434697	0.9642088109423337	0.9565576141249357	0.9760669153644366	0.9558548128696777	0.9760841057406873	0.9459469833347016	0.9400683114435118	0.9615067033387176	0.9391512991410078	0.9617861987240199	0.999946242640052	0.9999368479829478	0.9999527926847089	0.9999363920408174	0.9999539427777263	0.03563651829167745	0.02870700960270959	0.03973556974528805	0.028140376962843577	0.04017333403733	0.09714540498572646	0.07156408427634377	0.1023498276043815	0.07081197466712502	0.10249763227962322	0.9000127616130679	global gene coverage
global	0.2	zero	12	0.8000255232261357	0.9329109849295871	0.9082766095541215	0.9459550903133943	0.9078223020697703	0.9463859145050058	0.9231453181439291	0.9010766879688805	0.9288552375659909	0.9005418171714368	0.9290914142817451	0.9231453181439291	0.9010766879688805	0.9288552375659909	0.9005418171714368	0.9290914142817451	0.9833333333333334	0.9083333333333333	1.0	0.8666666666666667	1.0	0.2808959457887276	0.24515133072781126	0.31134200081585367	0.23909785919513787	0.3164374942351297	0.2698541705742294	0.24498917291748484	0.3174839457579345	0.23796297946239664	0.32050236899523166	0.4317995365683225	0.397679823075632	0.4491417329346765	0.3925732221702816	0.45078678840092273	-0.00648823174376435	-0.007865110657887451	-0.0006460502323354645	-0.00817386204489335	0.0017826524313844714	0.8908375538761674	0.8806342559331651	0.8939921544056938	0.8778045377171184	0.894688511779127	0.8470923275599715	0.8244324165057489	0.8612221838987211	0.8223173860369875	0.8621354130392851	0.9815099458598336	0.9808485751431475	0.9826676923126761	0.9805285423969216	0.982737121814542	0.058437785614609425	0.05208125909283725	0.06442285719631184	0.05196387382119175	0.06535849626431672	0.10865646684964668	0.10224059313405887	0.11870674206854454	0.10131970945819982	0.12143601670452926	0.9067130477714869	0.890216143251688	0.9217095668647644	0.8901298804155237	0.9217976066241349	0.875814366163222	0.8570887188468463	0.8894888810709447	0.8564671980375261	0.8920341743547583	0.9920987748703495	0.9916473334401115	0.9926792503807023	0.9915857268309434	0.9926888509808184	0.07217738203812538	0.06019082062306215	0.07628668354273853	0.0584531504691418	0.07653572864388344	0.14969978432496264	0.1341171570740509	0.1587315183580155	0.13324911520121083	0.15896821149850016	0.8000255232261357	global gene coverage
global	0.3	zero	12	0.6999744767738643	0.861063727757571	0.8331351902042707	0.8786599911429792	0.8321870804065514	0.8815414988692936	0.8446096137816061	0.8320714087246459	0.862704918032787	0.8314948596832454	0.8660600166712977	0.8446096137816061	0.8320714087246459	0.862704918032787	0.8314948596832454	0.8660600166712977	0.9916666666666666	0.8854166666666666	1.0	0.8208333333333333	1.0	0.3362874777851711	0.2894917294008578	0.381471199369108	0.2860706327787099	0.39023863836179296	0.32834321964609897	0.2893000669279064	0.37534408847586487	0.2831969134789284	0.379416567718057	0.5321105848350839	0.4884252831959545	0.5740641579707301	0.48541499945872224	0.5747939012392806	0.0012147440103659	-0.00819953792665835	0.0072297191208808755	-0.0085252669323551	0.00911982456628455	0.8275362541971621	0.8085454080491494	0.8348518629723506	0.80559338996378	0.8375983969755876	0.770723031019241	0.743685766178493	0.7874493413960683	0.7370368660757551	0.79433749986989	0.9403886441167353	0.9321658411501657	0.9419746495909684	0.9312178980711794	0.9422452482047545	0.07957924672642938	0.06879477390457463	0.08599017198258625	0.06808342508583184	0.0880221412645672	0.13546401515914586	0.12382350332396694	0.1498682675164157	0.12148187430119578	0.15603887621031515	0.8318575723280724	0.8181279468939466	0.8603824893927609	0.8141118430945634	0.8640193319851859	0.7994709008384298	0.7742936265246623	0.8238362301931897	0.7734495762473861	0.8306221798360134	0.9562046436193714	0.9510832405458787	0.9580465320765954	0.9506718601584829	0.9582101928388329	0.1070108474124072	0.09115213853909132	0.11378515567066087	0.08968433003844407	0.1142422844002004	0.1956147747789846	0.17596328479690712	0.2108489438676958	0.1728237248323694	0.21108439853560607	0.6999744767738643	global gene coverage
global	0.4	zero	12	0.5999872383869321	0.8131579477872287	0.7724930265691858	0.828801031203098	0.7689904442358299	0.8318959376813521	0.7926924145595999	0.76611558766324	0.8201444845790499	0.7572103362045014	0.8249791608780218	0.7926924145595999	0.76611558766324	0.8201444845790499	0.7572103362045014	0.8249791608780218	0.9833333333333334	0.84375	1.0	0.7541666666666667	1.0	0.3570655474677712	0.29274915929360174	0.4061152089934701	0.29087921144492546	0.41762912997536467	0.35956777530836526	0.2994506812322927	0.3870056020614995	0.29717423264778364	0.3909919070882726	0.5662458150037532	0.5507275605766822	0.68387022845472	0.5489532411541286	0.6892916801769846	0.00391883088331325	-0.015892106946457076	0.008495567984948951	-0.020211314962759998	0.00914270147205955	0.7498533425378702	0.7201805572050547	0.7668713185733979	0.7191360850612125	0.7711717170655032	0.6562311002196467	0.6236259832427233	0.6971011538106577	0.6178879276084026	0.6995549988142766	0.8548304669778093	0.8510227438844038	0.866875907663227	0.8500987886880821	0.8669874926363812	0.09832043472746049	0.0859836754670839	0.10826309126049628	0.08494044386348804	0.11075011115389377	0.1665854229345085	0.15246046768538177	0.18078613751379718	0.14759574788855812	0.1895006588361213	0.7992169793948869	0.7687580747408916	0.8444610409161607	0.7682275326536057	0.8471074867748438	0.7610487959885921	0.7159261438735542	0.7951561396292772	0.7124493081875991	0.8014690810899332	0.8740711251145601	0.870350545731116	0.8794383354837152	0.8701429566616253	0.8815762699787366	0.12677243322726675	0.10435046054789736	0.13568637260221733	0.10252767718641667	0.1361412419490704	0.21327580727783635	0.1890867960816482	0.22930975018151512	0.188441442641393	0.23228330901261487	0.5999872383869321	global gene coverage
global	0.5	zero	12	0.5	0.7408130629416423	0.7317298312154547	0.7821799408996802	0.7296350779916203	0.7876650043650881	0.7405668241178106	0.7145248680188944	0.7727771603223119	0.7124062239510978	0.7729786051681024	0.7405668241178106	0.7145248680188944	0.7727771603223119	0.7124062239510978	0.7729786051681024	0.9833333333333334	0.7458333333333333	1.0	0.725	1.0	0.47218732600147406	0.42896007321409424	0.6011453975943045	0.41543042523364604	0.6063508695950408	0.46246662690166584	0.42741335013927617	0.6120674038981755	0.41653659253508746	0.6186643425631531	0.7212731861884061	0.6663985423201833	0.8863052013295063	0.6636955574327191	0.9072102269610717	-0.0188746792207714	-0.026720372524513276	-0.012041095798707175	-0.02713160471092715	-0.011490608970772899	0.6211285753258785	0.619520175975966	0.6966082315221893	0.6189936338638085	0.7060489814434967	0.5488096551284126	0.5252638967826295	0.5665786378934293	0.5186336945397855	0.5685130384487072	0.7786394338924527	0.7696572978182512	0.7992731994007245	0.7677494168514821	0.8026982740794597	0.1198189639319307	0.10514790470594114	0.12831376948075315	0.10240236212487702	0.13107164671972604	0.19429734017891537	0.17440730465249787	0.2166895952261051	0.16878557114855702	0.22175991449083576	0.7175320066331409	0.6853315234902104	0.7722822474108922	0.6816592819660164	0.7816111182354915	0.6657505958241656	0.614650315879186	0.7143050859626345	0.6118034310813427	0.7257801695981473	0.7951991910246278	0.7828115672146312	0.8086578613403552	0.7824793124293881	0.8136875866586142	0.15535770892800593	0.12920858716636874	0.16370201764482473	0.12603953878437588	0.1645277244918462	0.24745697958000462	0.22579685069341252	0.2692817678273986	0.22335856718313796	0.2710279425781883	0.5	global gene coverage
non_sig	0.05	reference	12	0.9529096477794792	0.9999996523462872	0.9999995590622459	0.9999997616394827	0.9999995547803241	0.9999997804424163	1.0	1.0	1.0	1.0	1.0	1.0	1.0	1.0	1.0	1.0	1.0	1.0	1.0	1.0	1.0	0.00222950901202485	0.001447030590742325	0.003299605450768525	0.0014034557344503	0.0033964848980821	0.0022619088021897	0.0014504990535733	0.003309094001460063	0.00140999248130785	0.0034035536466233253	0.002561302152375675	0.001735156270949675	0.0036782670728726877	0.0016827524443852001	0.003805346791891625	0.0	0.0	0.0	0.0	0.0	0.9999999077304256	0.9999998621495376	0.999999951293502	0.9999998602898966	0.9999999518487367	0.9999998786116789	0.9999998223633528	0.9999999309702438	0.9999998200179322	0.9999999318632884	0.9999987257889024	0.9999983136536222	0.99999896409081	0.9999982838603567	0.999999021026812	0.0007463505022117	0.00060102996594505	0.001003700835867575	0.00059809801661695	0.0010202934205632498	0.0007563153924927	0.0006103305218085375	0.0010159893348809373	0.000608132147710175	0.001033072534660325	0.9999999338739185	0.999999859578113	0.9999999565811237	0.9999998546755188	0.9999999572720011	0.9999999063791094	0.9999998223707478	0.9999999434749551	0.9999998179692788	0.9999999440365097	0.9999991310788383	0.999999018443966	0.9999993416665325	0.9999989885820623	0.999999353451654	0.000751210482922725	0.000608453116934675	0.0010097315458514875	0.00060705838941335	0.001027091748005875	0.000764595875507675	0.0006199477004717876	0.0010269225808592	0.000619294191487175	0.00104526769521855	0.95	non-signature gene coverage
non_sig	0.1	reference	12	0.9058192955589588	0.9999989314963083	0.9999985412212797	0.9999992705049446	0.9999985372113037	0.9999993459063203	1.0	0.9999861072520145	1.0	0.9999722145040291	1.0	1.0	0.9999861072520145	1.0	0.9999722145040291	1.0	1.0	1.0	1.0	1.0	1.0	0.004419861880783376	0.0029231431816876628	0.0070796536557446756	0.002850657666853025	0.0071725435531057	0.00441473622426195	0.0029183585605598	0.007078605395279438	0.0028575753281148003	0.0071780112246068745	0.005012746237803425	0.003409910148235	0.007710259030214025	0.0033751206646589	0.00794094978360255	0.0	0.0	0.0	0.0	0.0	0.9999996430074634	0.9999994117874619	0.9999998203540282	0.999999400957911	0.9999998269454129	0.999999547760379	0.9999992694513264	0.9999997424674089	0.9999992551382891	0.999999754291043	0.9999963994526464	0.9999953316341594	0.999997361946256	0.9999951334520962	0.9999974421531077	0.001530874339374475	0.0011098834827326127	0.0021602113228318	0.0010840801978095251	0.0021717336829282	0.0015480010565959	0.0011272825002275875	0.0021866903789881376	0.0011001683289111248	0.002200992063925325	0.9999997127434958	0.999999397159393	0.9999998622016255	0.9999993850087253	0.9999998661579674	0.9999996231302206	0.9999992394538929	0.999999816492788	0.9999992277841911	0.9999998165858421	0.9999976668420631	0.9999970176837382	0.9999982340915587	0.9999969816259389	0.9999982426646634	0.001542048297606075	0.001130130512621	0.002177284761553	0.0011011557582991	0.0021947994059177	0.001570425303688375	0.0011511216676166752	0.0022130360325453126	0.00112086828517115	0.002232056624182125	0.9	non-signature gene coverage
non_sig	0.2	reference	12	0.8117023991832568	0.9999963153986026	0.9999952247391676	0.999997354550709	0.999995049265975	0.9999977266404674	0.999944429008058	0.9998888580161158	0.9999791608780217	0.9998888580161158	0.9999861072520145	0.999944429008058	0.9998888580161158	0.9999791608780217	0.9998888580161158	0.9999861072520145	1.0	0.9958333333333333	1.0	0.9916666666666666	1.0	0.009067894622095675	0.006070055810192475	0.014218992461234613	0.0060070936411935495	0.014396114017052276	0.009086397560305999	0.006047758693557538	0.014270205862745751	0.006010043055993075	0.0144345089542468	0.01013465122233965	0.0070803857581385	0.015449966196592712	0.0070232292536527505	0.015844701124624824	0.0	-0.00028493059090805	0.00033127921565385	-0.0005698611818161	0.00036290347955675	0.999998518307833	0.9999976208567853	0.9999992223243912	0.999997574931196	0.9999992593510647	0.9999981331217982	0.9999970492012487	0.9999989401806922	0.9999969798024638	0.9999989667297475	0.9999886895584241	0.9999847106814628	0.999990944548032	0.9999845472829615	0.9999913282653723	0.00311240613117155	0.002271280934559875	0.004316318444592862	0.00224100324659615	0.004334518296904375	0.003157285463562925	0.0023082169809633003	0.004369845154718825	0.00227401704868335	0.0043928444190942	0.9999988158182386	0.9999975588979635	0.9999994037925981	0.9999975203233888	0.9999994141397938	0.9999984445197504	0.999996861597531	0.9999991689775336	0.9999968036625587	0.9999991704052225	0.9999921686825375	0.9999907102059129	0.9999944254202705	0.9999903744561376	0.9999944463470087	0.0031270671144334253	0.0023126440586032746	0.0043535653185428	0.0022756829340424495	0.00438834899787155	0.003190257432386125	0.0023578964766169	0.004426785561253888	0.0023169334083904	0.004464977173458826	0.8	non-signature gene coverage
non_sig	0.3	reference	12	0.7175216947422154	0.9999928002032845	0.9999896356863005	0.9999948587418914	0.9999892033180066	0.9999954942872253	0.9998888580161158	0.999819394276188	0.999944429008058	0.9998055015282026	0.999944429008058	0.9998888580161158	0.999819394276188	0.999944429008058	0.9998055015282026	0.999944429008058	1.0	0.9958333333333333	1.0	0.9916666666666666	1.0	0.01302817347393545	0.00939535326945475	0.020675079625212915	0.00932880614263885	0.020806939109666776	0.013103410956087226	0.009400369489187186	0.020708574425063776	0.009361429343736275	0.0208478294483865	0.014588845899259125	0.0108219510395153	0.02247108371820519	0.01080267247273245	0.022946642195801677	0.0006373530403842	-0.0002542981882242444	0.0011321347341797	-0.0005698611818161	0.0015384625092459	0.9999966804770773	0.999995004497511	0.9999981426911526	0.9999948607717728	0.9999982353175749	0.9999959994389388	0.999993825901813	0.9999975257080853	0.9999936588614007	0.999997616147783	0.9999773566185801	0.9999689779911416	0.9999845046042561	0.9999681548100826	0.9999849689937169	0.0045756347836834	0.0033080183228627502	0.006236613863957675	0.0032833277823041	0.00624708327328935	0.0046375160430402	0.003348417271609812	0.0063264954474302505	0.003328551856453425	0.0063309023598547	0.999997362214146	0.999994675910395	0.9999986504821178	0.9999946224944166	0.9999986561695864	0.9999966477175085	0.9999932029185239	0.9999981308261949	0.9999930983925871	0.9999982162318911	0.999984622906027	0.9999810648746823	0.9999890596186511	0.9999801921896219	0.9999893870710537	0.004609271794595174	0.0033506741100507876	0.006313811813250626	0.003334585824191075	0.006327760299771151	0.0046993501434079	0.003403666261348275	0.0064226604461459	0.00339223365328485	0.0064434503996403	0.7	non-signature gene coverage
non_sig	0.4	reference	12	0.6234047983665135	0.9999869721802443	0.9999824793453276	0.9999907002481019	0.9999814534877475	0.9999918946085282	0.9998193942761882	0.9997638232842458	0.9999027507641014	0.9997499305362603	0.999916643512087	0.9998193942761882	0.9997638232842458	0.9999027507641014	0.9997499305362603	0.999916643512087	1.0	0.9958333333333333	1.0	0.9916666666666666	1.0	0.01762241850986885	0.0126818008039777	0.027712790260639802	0.01256916553617945	0.02798693625527485	0.0177556045584798	0.012655564614339736	0.02776365261924254	0.012575468476365275	0.028007764387795824	0.019575471366585776	0.014506814685059575	0.03000867157775957	0.014480510750808799	0.030722596973964646	0.0007308231779061	-0.0002542981882242444	0.001341659298419525	-0.0005698611818161	0.001513263313812	0.9999940969965484	0.9999908717348676	0.9999966526624139	0.9999907199742939	0.9999968029696626	0.9999927553293614	0.9999885619969687	0.999995488990003	0.9999883709451278	0.9999956622207407	0.9999640694155685	0.9999454807455147	0.999972137198245	0.9999422536985929	0.9999732908564218	0.006237744700069725	0.004487362968431475	0.008376880935744062	0.00447710597015195	0.008386851983046026	0.006321781327811975	0.004551648191185125	0.00848032478702105	0.00453556152991095	0.00849937526904275	0.9999952212352454	0.999990653903214	0.9999975771526811	0.9999905273140411	0.999997591007276	0.9999939951319797	0.9999880616075651	0.9999965055477973	0.9999877909036718	0.999996652677331	0.9999749315490769	0.9999665525769419	0.9999819840088134	0.9999641375509892	0.9999821542205367	0.0062856562231017755	0.004568248150536212	0.008453385062242887	0.004547079860213925	0.008496835856519676	0.0064081742820247005	0.00464868098103885	0.008599020607750887	0.0046219522890593	0.008652840346229224	0.6	non-signature gene coverage
non_sig	0.5	reference	12	0.5292240939254722	0.9999808201460559	0.9999733434245625	0.9999869704813564	0.9999719506323512	0.999988434344014	0.9997777160322314	0.9997221450402892	0.9998888580161158	0.9997221450402892	0.9998888580161158	0.9997777160322314	0.9997221450402892	0.9998888580161158	0.9997221450402892	0.9998888580161158	1.0	0.9958333333333333	1.0	0.9916666666666666	1.0	0.021300084738470823	0.0150531914822951	0.03412841216575177	0.0147295859069971	0.0345530467735133	0.02138304931694115	0.01501346046019475	0.03423360298623186	0.0147675017359052	0.03460078489518228	0.023625769477443576	0.01743530125140015	0.03690032610784173	0.01722863010531935	0.03789363793197642	0.0007640623343024	4.552623890441421e-05	0.0014736481899722	2.978767244121716e-05	0.001513263313812	0.9999913814095468	0.9999864296037327	0.99999514794351	0.9999860733858388	0.9999954554465798	0.9999895549500136	0.9999830243993927	0.999993465334212	0.9999825829700251	0.9999938154286768	0.9999460089630912	0.9999160645926854	0.9999602078869715	0.9999140834035565	0.9999612102981392	0.007535648100911	0.005482115917708475	0.010374834494480888	0.00547887139308475	0.010398580613394874	0.0076126562834315506	0.0055637080801916	0.010503785300621564	0.0055529565506736	0.010538133592339976	0.9999931289521597	0.9999854346837932	0.9999964529984837	0.9999853411140347	0.9999964990677788	0.9999913856135141	0.9999813293935177	0.9999951396592075	0.9999812212627388	0.9999952475390727	0.9999619927520149	0.9999515253301174	0.9999719728647253	0.9999491153180398	0.9999727276644674	0.007605262503564075	0.005581328238012462	0.010468741883923537	0.005564607726409975	0.010534596439178125	0.00772015838526415	0.005682909766572262	0.010649338353332476	0.005658878153973825	0.0107274825779698	0.5	non-signature gene coverage
non_sig	0.05	zero	12	0.9529096477794792	0.9999995696851314	0.9999994496664475	0.9999996553941763	0.9999994366122287	0.9999996884441835	1.0	0.9999652681300363	1.0	0.9999583217560435	1.0	1.0	0.9999652681300363	1.0	0.9999583217560435	1.0	1.0	1.0	1.0	1.0	1.0	0.0035651019329117004	0.0025120449406012	0.004634720694841187	0.0025062080085204996	0.004705399528373675	0.003589807393158075	0.0025323192705357877	0.004659533511896725	0.002526072678599025	0.0047253992118218	0.0039797929334382245	0.002888705756627525	0.0050782382715127625	0.0028772696199513004	0.005233426305596875	0.0	0.0	0.0	0.0	0.0	0.9999997831386174	0.99999971960372	0.9999998754014716	0.9999997141586848	0.9999998789527047	0.9999997204632267	0.9999996527692505	0.9999998338193856	0.9999996465479055	0.9999998357686544	0.9999985387574943	0.9999982679809293	0.9999988792162613	0.9999982438816135	0.9999989044471795	0.0011586503938828749	0.0009603344553777999	0.00140359248565965	0.0009575846223268499	0.001404200099673	0.0011745247772328498	0.000974021549788175	0.001421546736266575	0.0009719200976335001	0.0014235918195004	0.9999998274041115	0.9999997295132919	0.9999998847232769	0.9999997290551544	0.9999998884696037	0.9999997815313574	0.9999996602139984	0.9999998595029533	0.9999996601509635	0.9999998604713851	0.9999990608263716	0.9999989005823411	0.9999992270720997	0.9999988872442168	0.999999236291802	0.0011663867609876	0.0009697479964938625	0.0014145470934571625	0.0009689420866167749	0.001420904258548275	0.0011893454490010998	0.000988563303702975	0.0014389743220995	0.0009873926665161501	0.0014468763609194499	0.95	non-signature gene coverage
non_sig	0.1	zero	12	0.9058192955589588	0.9999985868364557	0.9999981504190755	0.9999988700490731	0.9999981307754147	0.999998954105259	1.0	0.9999305362600724	1.0	0.999916643512087	1.0	1.0	0.9999305362600724	1.0	0.999916643512087	1.0	1.0	0.9958333333333333	1.0	0.9916666666666666	1.0	0.006659558864629701	0.004763395262492613	0.009248983804711826	0.004723030556161325	0.0093769346769553	0.006675305146568649	0.004752579102105338	0.009303654129051925	0.004700881927925075	0.009413749545333	0.007431480361573325	0.0054288673211163995	0.009924652894722	0.0054052158386229	0.01017271216060155	0.0	0.0	0.0	0.0	0.0	0.9999992736667118	0.9999989503675635	0.9999995677108655	0.9999989446783231	0.9999995781946944	0.9999991019160597	0.9999987316903769	0.9999994297714483	0.9999987143980115	0.9999994352196042	0.999996006670639	0.9999943114312639	0.9999971691519536	0.9999941236659051	0.9999972407506684	0.002182384666692525	0.0017511102215020124	0.002757348742086925	0.001734506486068525	0.00276515147312135	0.0022071427964548253	0.0017785621615104626	0.0027940894917833628	0.0017595930325488749	0.002804679050019725	0.9999994081972121	0.999998996130581	0.99999961275659	0.9999989673174094	0.9999996193199399	0.9999992229162724	0.9999987300002725	0.9999995137886721	0.9999987029376709	0.9999995177863734	0.9999974212137086	0.999996648713563	0.9999979417657924	0.9999965693443875	0.999997950405408	0.0021919022721115502	0.0017827557964306376	0.0027780552752165004	0.001761315889054425	0.0027991359202059	0.002230237205244375	0.0018173758585742	0.002828357107271662	0.00179442624481255	0.002852686674932875	0.9	non-signature gene coverage
non_sig	0.2	zero	12	0.8117023991832568	0.9999950042068758	0.999993729061166	0.9999960781403294	0.99999349657545	0.999996331214482	0.999944429008058	0.9998888580161158	0.999944429008058	0.9998888580161158	0.999944429008058	0.999944429008058	0.9998888580161158	0.999944429008058	0.9998888580161158	0.999944429008058	1.0	0.9958333333333333	1.0	0.9916666666666666	1.0	0.01376521534822195	0.01038193141744885	0.018931607981016663	0.010193813096777601	0.019018457461353673	0.01378279656689705	0.010310899611812037	0.01890559336194605	0.010114285962814325	0.01899693745197545	0.015059861781770524	0.011635768487406512	0.020531209256233973	0.011497245358301175	0.02094336468873775	0.0	-0.00028493059090805	0.0006625584313077	-0.0005698611818161	0.0007258069591135	0.99999676839171	0.999995541230063	0.999998072716946	0.9999955402715215	0.9999980785497304	0.9999960241549829	0.9999947514898508	0.9999975147766194	0.9999946986476962	0.9999975180276965	0.9999870818115483	0.9999820378347855	0.9999897736640236	0.9999819085458556	0.9999899972328417	0.00443247448327645	0.00351831143493615	0.005495710828593726	0.00351446139059465	0.005526341193481	0.0044953108012822755	0.003563337349908525	0.005582128308391963	0.0035628674056533	0.005607388329691924	0.9999973908747458	0.9999957422668178	0.9999983016109095	0.9999956588863095	0.9999983189474059	0.9999966964622855	0.9999945872935514	0.999997824467663	0.9999944660403216	0.9999979194562294	0.9999913838227563	0.9999895002652746	0.9999927200426163	0.999989012308253	0.9999927803510409	0.004448225931264425	0.003574987501846675	0.005589448795371625	0.00357061372834695	0.0055951879632593	0.004543015372505951	0.0036426943264915375	0.005705112953952612	0.003635102794611975	0.005705725708713975	0.8	non-signature gene coverage
non_sig	0.3	zero	12	0.7175216947422154	0.9999899681387454	0.9999863578995463	0.9999916701616031	0.9999857778936675	0.9999923423012067	0.9998888580161158	0.9998332870241736	0.9998888580161158	0.9998332870241736	0.9998888580161158	0.9998888580161158	0.9998332870241736	0.9998888580161158	0.9998332870241736	0.9998888580161158	1.0	0.9958333333333333	1.0	0.9916666666666666	1.0	0.0197422612636432	0.015457858722583125	0.027303415345962687	0.0150553954470974	0.027520145359558625	0.019800854734372347	0.015364139557801762	0.027354584872032926	0.014966449976785375	0.027555792519290502	0.021661919673256775	0.01753082901640671	0.0296440978718765	0.017144061104277873	0.03027412150334185	0.0006373530403842	4.552623890441421e-05	0.0013970699998202998	2.978767244121716e-05	0.0020300776653382	0.9999931994708511	0.9999911407901443	0.9999956549364493	0.9999911086068524	0.9999956824638156	0.999991822618578	0.9999893263241032	0.9999944512332627	0.9999891684619442	0.9999945159508943	0.9999739732294095	0.9999635216474547	0.9999818444568204	0.9999634580356817	0.9999818592333085	0.0063360307859518	0.005139516921225288	0.007903963688943888	0.005103851906136126	0.007913364407228675	0.00642743392270575	0.005203730557646188	0.008028497892215426	0.005173024188139725	0.008029887933117999	0.9999946129191528	0.9999910347315144	0.9999961650317333	0.999990940517099	0.9999962302087052	0.9999931797207733	0.9999884806840641	0.9999953229051934	0.9999882969768725	0.9999955129911274	0.9999823701433792	0.9999777487768218	0.9999855826171311	0.9999769048108774	0.9999859803234259	0.006354854027787625	0.005207932510323825	0.007984779284199212	0.0051837853609931995	0.008010938586526024	0.0064845678956056245	0.0052986324022622	0.008135124830747789	0.00527721694404065	0.008170743742699826	0.7	non-signature gene coverage
non_sig	0.4	zero	12	0.6234047983665135	0.9999815832517666	0.9999755935355228	0.9999857166938605	0.9999747049868885	0.9999866837091074	0.9997777160322314	0.9997221450402892	0.9998888580161158	0.9997221450402892	0.9998888580161158	0.9997777160322314	0.9997221450402892	0.9998888580161158	0.9997221450402892	0.9998888580161158	1.0	0.9958333333333333	1.0	0.9916666666666666	1.0	0.026833557745030975	0.020999632757123014	0.036994179226871246	0.020441355660911875	0.0372563486136427	0.027002512282921474	0.02084961538356179	0.03702070454806297	0.020280783405763624	0.0372474911976136	0.029418265081642723	0.0234911175724164	0.04000844440094019	0.022978833975756202	0.040857978157735175	0.000756631656906	4.552623890441421e-05	0.001288237529739825	2.978767244121716e-05	0.0014064197764526	0.9999874846168045	0.9999830493876676	0.9999918599035604	0.9999829736810151	0.9999919295977061	0.9999850460006996	0.9999797019181391	0.9999895860317557	0.9999794593942505	0.9999897318239455	0.9999587993657604	0.9999341653675631	0.9999684897666232	0.9999328405167741	0.9999685187995273	0.00876049448274855	0.007016080506791126	0.0108708859372242	0.00698937622084845	0.0109092034016647	0.00888398963949175	0.007120128423435512	0.011038981708616273	0.007084938434916775	0.011066643874970349	0.9999900099271797	0.9999835438629129	0.999992960127577	0.9999832239120281	0.9999931465162207	0.999987645319245	0.9999788258608151	0.9999914363750129	0.9999783696933583	0.9999917889888305	0.9999698627023184	0.9999605388437653	0.9999764335178317	0.9999579503883136	0.9999769054040157	0.008813084775788875	0.007146558177544512	0.0110351330349033	0.007101848718211625	0.01104488029953725	0.008995027815377825	0.007280682409645987	0.011236826420317437	0.007229711630470675	0.011259616329934025	0.6	non-signature gene coverage
non_sig	0.5	zero	12	0.5292240939254722	0.9999730525983868	0.999963807359537	0.9999790929218151	0.9999614160705754	0.9999804460325442	0.9997221450402892	0.9996526813003613	0.9997985551542097	0.9996387885523759	0.999819394276188	0.9997221450402892	0.9996526813003613	0.9997985551542097	0.9996387885523759	0.999819394276188	1.0	0.9958333333333333	1.0	0.9916666666666666	1.0	0.0322527802663843	0.024665706914982738	0.044541645686535694	0.024091218912385724	0.04494691016874058	0.032435390302794874	0.02462840324455754	0.04452501211750366	0.024012231188665276	0.044932243272769526	0.035241032708747996	0.027459471767902102	0.048094965532384	0.02699721007891475	0.0492707372375889	0.0008759102734278	4.552623890441421e-05	0.0014672722225288499	2.978767244121716e-05	0.0015281246686051	0.999982099639346	0.9999755290030092	0.9999889547766474	0.9999753167880988	0.999988957279366	0.999978530996181	0.9999708102834297	0.9999860413939223	0.9999703325198137	0.9999860582298313	0.9999374943404662	0.9999024768559516	0.9999539744772917	0.9999019523604566	0.9999540753879321	0.01041889343518565	0.008447668460164325	0.013090820223899076	0.00844535935293815	0.013109471996992951	0.010568933111456399	0.008571772287542901	0.013296209614663913	0.008562950028300001	0.013301739908147526	0.9999858720810455	0.9999760085501821	0.9999902163051012	0.9999756190077354	0.9999903168679398	0.9999824541447924	0.9999691089949259	0.9999878331843122	0.9999684871041371	0.999988243353362	0.9999564103493808	0.9999431518981815	0.9999648049151847	0.9999402550521226	0.9999660136939026	0.01046581321132525	0.008600044908646362	0.013230212386862086	0.008581854672302824	0.013272318839227174	0.0106879540354911	0.008767545017085612	0.01347682618347395	0.008740729522850176	0.013534884900744799	0.5	non-signature gene coverage
signature	0.01	reference	12	0.9994257274119448	0.9994490244751297	0.9992207254136116	0.9996213017836086	0.9991638010760213	0.9996491960617224	0.9986940816893584	0.9981661572659075	0.9988399555432064	0.9981383717699364	0.9988469019171993	0.9986940816893584	0.9981661572659075	0.9988399555432064	0.9981383717699364	0.9988469019171993	1.0	0.9833333333333332	1.0	0.9833333333333332	1.0	0.02092661368728955	0.01764664301635499	0.023634089183356487	0.017299854008484276	0.023710598189712325	0.019962390399290975	0.014449188557321987	0.023173258538972313	0.014276290626801875	0.023270782671966774	0.035674165224731276	0.029626764290968086	0.03803185008253672	0.029380261005219427	0.03821765059298655	0.00023901327108379996	-0.0007557127044269	0.0010822607210534251	-0.00094018988199245	0.00154066372592535	0.9997319972461117	0.9997171624957304	0.9997737955244888	0.9997118079471556	0.9997812602492453	0.9994940736759744	0.9994159831628777	0.999597294286232	0.9994158609937558	0.999604533157175	0.9999999881487788	0.9999999855647441	0.9999999898236309	0.9999999844741455	0.9999999899730249	0.00137932382573585	0.0013623755496733	0.00142868015355465	0.0013618357804903	0.0014303927468810001	0.0054710258772398	0.005110475625390413	0.0059403292388444	0.005077474038174875	0.00594121301270345	0.9995852488185667	0.9995210773824117	0.9996249611066537	0.9995173253621185	0.9996261749118701	0.999204241761257	0.999077311969477	0.9992578539544589	0.9990576193324858	0.99927463875671	0.9999999941792946	0.9999999926345828	0.999999994557042	0.9999999925559447	0.9999999946426539	0.001661331982662225	0.001515954528050925	0.001907907974567525	0.0015078738830381	0.0019181872468742	0.010298998602373776	0.009674113074102562	0.011102401248774738	0.009493861799934625	0.011233481337312825	0.99	signature (Gsig) coverage
signature	0.02	reference	12	0.9988514548238896	0.9977472187561555	0.9966268218928825	0.9983152268167131	0.9964506876246573	0.9983174523993581	0.9960544595721036	0.9943803834398446	0.9967004723534317	0.9942345095859964	0.9968185607113089	0.9960544595721036	0.9943803834398446	0.9967004723534317	0.9942345095859964	0.9968185607113089	1.0	0.9770833333333333	1.0	0.9624999999999999	1.0	0.0413408232851689	0.03935047673424629	0.054053347846979946	0.03836606948271068	0.054912883981438995	0.04467082552065245	0.03901446552449418	0.049520134538202365	0.037937702595957225	0.051215887706777125	0.07020549214562777	0.06665712406124377	0.07682566210388754	0.06614361274508253	0.07719285429171838	0.0001433214266872	-0.0005367222630956749	0.001588104906688225	-0.0006137728831914499	0.00215264896143425	0.9977539571761753	0.9972383508114872	0.9985534047322199	0.9972168503526708	0.9986208235503335	0.9967245607527766	0.9958107804904728	0.9973249987009631	0.9957235442763245	0.9973721009089407	0.9999999500547826	0.9999999368477728	0.9999999569512538	0.9999999330354978	0.9999999581651697	0.004235595971203276	0.0036855622484983624	0.004472827089300862	0.003666318543581275	0.004481381458235225	0.015648558104880476	0.013350250137204525	0.01801293620890127	0.0131040816614676	0.018116111601440648	0.9982681143673042	0.9976697911994599	0.9984883961083713	0.9976688226449573	0.9985036294118701	0.996538249079531	0.9958628564755918	0.9973418728735981	0.9957985524652295	0.9973587392326809	0.999999980461958	0.999999977072694	0.9999999828810904	0.9999999762832098	0.9999999830107982	0.004081659714898225	0.003592578852854875	0.004375286178541025	0.00358158588019015	0.00443774923832725	0.020633544883329975	0.019474069053903552	0.02191765267125425	0.019444395056011803	0.021954593337082502	0.98	signature (Gsig) coverage
signature	0.05	reference	12	0.9970648289943848	0.9878071110182047	0.984778925430293	0.9900586834570846	0.9839638436248564	0.9902576811929875	0.9827452070019451	0.9801264240066686	0.9862600722422897	0.9796749096971382	0.9870797443734373	0.9827452070019451	0.9801264240066686	0.9862600722422897	0.9796749096971382	0.9870797443734373	0.9916666666666666	0.9354166666666667	1.0	0.8958333333333333	1.0	0.10629170780345554	0.09952620283655766	0.11691565681119113	0.09904191173919472	0.11775286990999917	0.10796697838519925	0.09946663169121701	0.11495347541605624	0.09854122935696558	0.11654094005927722	0.169451528506659	0.16434464339578916	0.20340873048284475	0.1638331791517345	0.20341235812127623	-0.00016710925663244633	-0.0032341727483540246	0.0029101360540033	-0.005325036154526	0.00428038207677665	0.990158445143178	0.9888243005617079	0.9923841402630182	0.9886202182040567	0.9925236600135537	0.9850157929755454	0.9829017769857077	0.9866602166810854	0.9821220031824773	0.9869982384730087	0.9999871869994457	0.9999809250046139	0.9999937580999099	0.9999775866295516	0.9999938653247785	0.011648161233325575	0.011030025955337138	0.012581537021289012	0.010870801967822676	0.012704223658054275	0.03279294364840893	0.031239838292928063	0.0346477237903654	0.031207411670109875	0.035163502271149255	0.9920119142517713	0.9898456354235765	0.9928381240950552	0.9895800657054091	0.9929366094445075	0.986670406924145	0.9833256199861995	0.9879033896417018	0.9831778848329426	0.987972414080583	0.9999998558521115	0.9999998417821205	0.9999998774364451	0.9999998405221234	0.9999998786421883	0.0113798903068527	0.011009270589883312	0.011622225645708438	0.010871121097788775	0.011718032425598674	0.044010799219370476	0.040392376497407886	0.0470662325855526	0.040274885160719476	0.04769080516307429	0.95	signature (Gsig) coverage
signature	0.1	reference	12	0.9941296579887696	0.9706088522368814	0.9658130945658309	0.975624155769583	0.9648193508623559	0.9763331437013838	0.9643373159210893	0.9576757432620174	0.9709988885801614	0.9571964434565159	0.9714781883856629	0.9643373159210893	0.9576757432620174	0.9709988885801614	0.9571964434565159	0.9714781883856629	0.9916666666666666	0.9270833333333335	1.0	0.8875000000000001	1.0	0.14706637028736413	0.12355179195523627	0.16320445236011458	0.1220695749088216	0.16780359329039407	0.14839524511765	0.11630847222557285	0.1645027783501286	0.11257444033218875	0.17092482616454766	0.2435823757200945	0.21378019754597005	0.2660494558411337	0.21376557759174278	0.26672649768216167	0.00178136008624935	-0.002666226784478125	0.0054725886235547	-0.0032127507072609502	0.0062823472818834495	0.9838360337011722	0.9827737317210736	0.9853083529049191	0.9827652512609466	0.9859770939314868	0.9756426519379395	0.9730938619728063	0.9784961046602452	0.9730415533120624	0.9787111177693653	0.998464923941191	0.9983792417986959	0.9986713220089856	0.9983765806966515	0.9987332008292232	0.018562295333725474	0.018354948485507436	0.019218764864309824	0.018190660343149825	0.019392881490801803	0.041532107459513724	0.04090070782365319	0.04289381664218477	0.040548276059530375	0.043082767456186846	0.9837155466471489	0.9803027024520543	0.9875370532375796	0.9802810938838565	0.9876440930681176	0.9761079145543817	0.9727383528207649	0.9818441062108256	0.9723595429781353	0.9819011461321949	0.9999460894863197	0.9999149512825627	0.9999619194204272	0.999912134707183	0.9999627856591445	0.022109823942071498	0.021256724034196116	0.023466961169286087	0.020906729192115475	0.023661690542587224	0.06127137677394785	0.0552029770785894	0.06450056192260537	0.0544646337399802	0.06458910572830642	0.9	signature (Gsig) coverage
signature	0.2	reference	12	0.988323124042879	0.9306862008885879	0.9110685737721833	0.9404271977456884	0.9095170135248486	0.9419817040340323	0.9239788830230622	0.9075159766601836	0.9258960822450684	0.9060294526257295	0.926618505140317	0.9239788830230622	0.9075159766601836	0.9258960822450684	0.9060294526257295	0.926618505140317	0.9833333333333334	0.8937499999999999	1.0	0.8374999999999999	1.0	0.2584573698771119	0.22709636483746948	0.2863649343371981	0.220130773781278	0.2884555034088724	0.25599291698709015	0.1961865671198667	0.2845740886198303	0.19532775260778415	0.2858237189933647	0.4299952239434618	0.3740296226926103	0.4676912242270859	0.371427295573287	0.4714954361684578	-0.00269903823580365	-0.006251662794309601	0.0023006292034778997	-0.00653877855227735	0.0024510905126978	0.9638660218311859	0.9454036892266351	0.967304226436033	0.9435261123575442	0.9676539127559187	0.9405350165456318	0.923570637043525	0.9501015568730798	0.9212810096384151	0.9506321484335987	0.9840800487297497	0.9821641137077277	0.9875216316081534	0.9818135281376363	0.9875562386094799	0.03584363160955752	0.03414383027558174	0.037162459904554426	0.03396345353549947	0.037335757521586146	0.07124103425160502	0.0637400872919178	0.07460280288089752	0.06371749501588964	0.07471036113436344	0.963908279836882	0.9577528506245507	0.9712113234742846	0.9574755043318263	0.971456926908191	0.9511596899831825	0.9488682603851814	0.9599306799234821	0.9483506664443075	0.9614545493193012	0.9927987551854205	0.9925304076402834	0.9938128559403385	0.9924800310436322	0.9939394961105895	0.03927337271161375	0.03781744273440589	0.04083963624563894	0.03763204526174997	0.04100069943345103	0.09275621483741932	0.08218356169260996	0.09438640405183786	0.08194536692818963	0.09473879211567562	0.8	signature (Gsig) coverage
signature	0.3	reference	12	0.9824527820316488	0.8674028632885242	0.8439553730271248	0.8916450636163605	0.8435814780504683	0.8953700812473386	0.8489997221450405	0.8234023339816617	0.8790150041678246	0.8174353987218674	0.8796749096971382	0.8489997221450405	0.8234023339816617	0.8790150041678246	0.8174353987218674	0.8796749096971382	0.9833333333333334	0.8833333333333333	1.0	0.8166666666666667	1.0	0.26432572428319245	0.24349730114060744	0.29782555162373336	0.2424621718065207	0.30474611026685405	0.25024060553612126	0.24228326325932062	0.29536376298127	0.2411562645861327	0.3040079242194333	0.47255924421519924	0.42828683049544497	0.5028053771404761	0.4264147267200745	0.5083530952862502	-0.007091196550559399	-0.010260879251325149	0.004081632120350187	-0.010784730442685849	0.0056712501162555495	0.9320879497394631	0.9162193175961786	0.9476169014071456	0.9156324450223109	0.9479641967876146	0.9101233033487428	0.8860437121900981	0.9239937605504669	0.8840876672678005	0.9244901801255521	0.9344093701063222	0.931631578328556	0.9374052438748963	0.931354323488682	0.9379411009384404	0.04992522076971405	0.04800958374912301	0.05142425854251895	0.047974699636727874	0.05187613711670505	0.08530675206073132	0.08334488391088854	0.08943442525619505	0.08333657617349118	0.0900632272731543	0.9365465013795615	0.924214144284423	0.9516957632862707	0.9230558458352298	0.9522699005627495	0.9172226310059948	0.9019126017069031	0.9361495457284038	0.9007270247129382	0.9381924535204227	0.9592306075065811	0.9560152284553336	0.9610500265901558	0.955445503835803	0.9619987365020589	0.0596144053141934	0.0558134844113903	0.06151358519370355	0.055415064998845895	0.0615610982347844	0.1214366652271144	0.10794846786805938	0.1273623293672578	0.10727270601111841	0.12770367114917153	0.7	signature (Gsig) coverage
signature	0.01	zero	12	0.9994257274119448	0.9994485443988881	0.9992199658602579	0.9996209499513611	0.999163349775381	0.9996490327509485	0.9986940816893584	0.9981661572659075	0.9988399555432064	0.9981383717699364	0.9988469019171993	0.9986940816893584	0.9981661572659075	0.9988399555432064	0.9981383717699364	0.9988469019171993	1.0	0.9791666666666665	1.0	0.975	1.0	0.031573975140432295	0.028735313529136938	0.033634749181154215	0.028489982281037177	0.03363747092210333	0.02813952493675655	0.02635532056124966	0.03176805522951717	0.025994387532294324	0.03199076895115095	0.042761557120000224	0.042125727451316125	0.04818099982689961	0.04208360432917535	0.048291782229523975	0.00023901327108379996	-0.0007557127044269	0.0010822607210534251	-0.00094018988199245	0.00154066372592535	0.9993084502725882	0.9992405399312991	0.999480804370594	0.9992276315499876	0.9994828621048946	0.9988762386892684	0.9986628754614063	0.9990110433558715	0.9986597802898194	0.9990279839001257	0.9999999883605739	0.9999999857135178	0.9999999897987369	0.999999984811127	0.9999999898564684	0.0022579055430426752	0.002160193507182462	0.0026494108151381875	0.0021529708289590747	0.002667525323673375	0.008955989858900925	0.007780860462392562	0.010025728786307288	0.007731255980594025	0.010033154785028725	0.9988283226014634	0.9985581916245543	0.9991205334684328	0.9985240619631697	0.9991326694832517	0.9979190341701866	0.9978216960347938	0.9980872239472192	0.9978042689983402	0.9981125992477399	0.9999999938526978	0.9999999927521426	0.9999999943997797	0.99999999273999	0.9999999944096828	0.0028472327718962248	0.0024584377772465874	0.0029988710971953127	0.0024524393265671247	0.003062364716562525	0.017770485848639526	0.014655677241819038	0.018770536664744136	0.014654430408862325	0.018798254477978324	0.99	signature (Gsig) coverage
signature	0.02	zero	12	0.9988514548238896	0.9977471488952102	0.9966266165139985	0.9983148337179457	0.9964506689258699	0.9983175711399656	0.9960544595721036	0.9943803834398446	0.9967004723534317	0.9942345095859964	0.9968185607113089	0.9960544595721036	0.9943803834398446	0.9967004723534317	0.9942345095859964	0.9968185607113089	0.9958333333333333	0.9791666666666665	1.0	0.975	1.0	0.049054749520652224	0.0424450432108937	0.05250898363309814	0.041690249734886595	0.05347110508868478	0.04648923842394713	0.039700925028624906	0.0516526674783855	0.038632591251760856	0.0520621076866858	0.07468960966467275	0.06989714324908425	0.0875519729692521	0.06926256628295896	0.08924595509283452	0.0001433214266872	-0.0005367222630956749	0.001588104906688225	-0.0006137728831914499	0.00215264896143425	0.9979712820942606	0.9977383244047645	0.9985491985746922	0.9977029640120708	0.9985686582589457	0.9964526432003864	0.9958128833472302	0.9970722511605846	0.9957447377770763	0.9971304263997889	0.999999950203636	0.9999999357901372	0.999999955184221	0.9999999331533103	0.9999999556577286	0.004737048468729825	0.004157129693681013	0.005492314987399575	0.004132741385789475	0.0055413400811722005	0.01576305398223195	0.0142272705082024	0.018082689196883397	0.01403647064345385	0.0181612622381683	0.996906499020682	0.9960327781037808	0.9977875116396022	0.9959810843771768	0.9977903103468297	0.9948977823074605	0.9926046495551852	0.9962177175176214	0.992519627298085	0.9962523137635456	0.999999979357286	0.9999999765617517	0.9999999821254116	0.9999999757633831	0.9999999822792538	0.00521799957807725	0.00468246945570395	0.005843164707590401	0.00466584956010025	0.00595192968694845	0.02782428955387575	0.02276779172468796	0.031006598036522025	0.022668382079875024	0.03175243413654265	0.98	signature (Gsig) coverage
signature	0.05	zero	12	0.9970648289943848	0.9878159664624715	0.9847921161259117	0.9900581867408205	0.9839721601634479	0.9902580889838346	0.982717421505974	0.9801264240066686	0.9862600722422897	0.9796749096971382	0.9870797443734373	0.982717421505974	0.9801264240066686	0.9862600722422897	0.9796749096971382	0.9870797443734373	0.9916666666666666	0.9187500000000001	1.0	0.8708333333333333	1.0	0.16059354340367032	0.15485637870271152	0.17819617378159214	0.15403117911788106	0.18022133151020103	0.15703548243428953	0.15153456100065757	0.17830631813619835	0.15101072654721587	0.1825478385207437	0.23813864839097826	0.2005767019247047	0.27442595177481977	0.20045410035671662	0.2796991830108214	-0.00016710925663244633	-0.0032341727483540246	0.0029101360540033	-0.005325036154526	0.00428038207677665	0.9854706773747677	0.9833174396168741	0.9874464259199542	0.9835346417611797	0.9881271567431636	0.9760402662074382	0.974083636801386	0.9784799623044954	0.9741273445425339	0.9785569618516721	0.999987352010027	0.9999806619218824	0.9999937623912232	0.9999770352040152	0.9999938670062869	0.015977519051296553	0.0140855047464694	0.018515904589177973	0.01382603347388055	0.01864658497664675	0.04045760851549968	0.034418358634756896	0.04980314613112021	0.03436578222557965	0.050399595460901725	0.9823262650479944	0.9784109642710441	0.987736806548308	0.9783135204677851	0.9878769900520201	0.9726890979482732	0.9630148977299339	0.9745604899012483	0.9622820332499817	0.9745866483219381	0.9999998500731533	0.9999998354059648	0.9999998757813587	0.9999998348630428	0.9999998780332795	0.018145597834525726	0.015118877879447375	0.0197293150992452	0.0147202780437326	0.0200972796890489	0.06494777938702072	0.054238491142244924	0.0728693882773729	0.05405720756737045	0.0736102958012669	0.95	signature (Gsig) coverage
signature	0.1	zero	12	0.9941296579887696	0.9705662339140335	0.965800073873792	0.9756225409794544	0.9647976621468621	0.9763331077415425	0.9642400666851905	0.9576757432620174	0.9709988885801614	0.9571964434565159	0.9714781883856629	0.9642400666851905	0.9576757432620174	0.9709988885801614	0.9571964434565159	0.9714781883856629	0.9916666666666666	0.9166666666666667	1.0	0.875	1.0	0.1934754490663197	0.16928270844075483	0.2081810531606204	0.15524616936906688	0.21495745798973664	0.1930417072149253	0.15277530367899628	0.20862275450373452	0.1421447662658071	0.21606105708001203	0.29264469456793085	0.26062332408193184	0.3038066894681701	0.2596129327195198	0.30543457664780804	0.00204073652332985	-0.0028255650445741754	0.0054725886235547	-0.0032127507072609502	0.0062823472818834495	0.9657174912408153	0.9599078230541237	0.9711013421678429	0.9589029359683869	0.972118601462236	0.9426053546839788	0.9343609076504313	0.9469868797579879	0.9323265065127015	0.9482886186811951	0.9984591964325537	0.9983771049843069	0.9986697596337326	0.9983712624888641	0.9987320247292231	0.028815409414957024	0.02414450029622129	0.031386519046042276	0.023954891669315727	0.031684973138603745	0.06333724179725675	0.05572433785003759	0.07412365106560215	0.05509358461064427	0.07445337267030236	0.9631751910070965	0.955393684529045	0.971931115121855	0.9544818883284398	0.9720813005432688	0.9482119452967265	0.9392841386196484	0.9590808430309491	0.9365683499273736	0.9603415065573033	0.9999464835938192	0.9999148221986338	0.999961819642159	0.9999120226174345	0.999962603846911	0.0372679094494687	0.030087689915907063	0.04016504983142523	0.029771061379913977	0.0405072431642129	0.09846774162878097	0.0787300624778691	0.10418594671672257	0.07703053566193978	0.1043146251009909	0.9	signature (Gsig) coverage
signature	0.2	zero	12	0.988323124042879	0.9307026085071435	0.9110416484326116	0.9404635656402078	0.9095077768758403	0.9420112201661127	0.9235898860794667	0.9075159766601836	0.9255209780494584	0.9060294526257295	0.926368435676577	0.9235898860794667	0.9075159766601836	0.9255209780494584	0.9060294526257295	0.926368435676577	0.9875	0.8916666666666666	1.0	0.8333333333333333	1.0	0.3537041691341337	0.2797881107252258	0.3647296923993051	0.2717435626136806	0.36560687157248145	0.3420741531429279	0.2807044965121851	0.3671329506103443	0.2692117586256719	0.3684278887321087	0.47794551409216857	0.4155910265589031	0.5207321127221876	0.40609552066681354	0.5294799761663463	-0.00245834462942155	-0.006251662794309601	0.0021523228751035	-0.00653877855227735	0.002154477855949	0.903271882463252	0.8938851359428448	0.9159140912889776	0.8936345952636603	0.9173397599820723	0.847692551734657	0.843699182695955	0.8764336384141151	0.8423828366580366	0.8764979445629498	0.9840776551085464	0.9821310492882721	0.9875103533866936	0.9817510221156374	0.9875638897572696	0.05667657788401617	0.0488013716409607	0.06138142939659959	0.0480835814446584	0.061742860657746576	0.10277199509699927	0.0925682855202922	0.1162070772613926	0.09226848668953015	0.11894586870765551	0.9143242358039785	0.9037978731969902	0.9285753735290131	0.9032188158773956	0.9299253919343207	0.8895203661334659	0.8756299341202957	0.9049540373848659	0.8748006070465699	0.9083617712090768	0.9928067784589925	0.9925349243586974	0.9938177490823102	0.9924818673563109	0.9939562913998594	0.0656043614620681	0.0545905362336068	0.06884221406042043	0.05320690209116555	0.06892299046786968	0.1412179174305715	0.12645659158214673	0.15060717977794824	0.12346953331448257	0.15170431138864635	0.8	signature (Gsig) coverage
signature	0.3	zero	12	0.9824527820316488	0.867367937160278	0.8439806807758623	0.8916466354086192	0.8436033544874967	0.8953151178822871	0.8484995832175606	0.8227563212003336	0.8790150041678246	0.8166990830786331	0.8796749096971382	0.8484995832175606	0.8227563212003336	0.8790150041678246	0.8166990830786331	0.8796749096971382	0.9875	0.8875	1.0	0.825	1.0	0.3746227536108467	0.327755155871613	0.42008630615893805	0.3220819772413638	0.42052919643936876	0.37892973898524296	0.3113837712349302	0.42492629064342347	0.31087329621073767	0.428448941188036	0.5888431347511749	0.5131037882888583	0.639922914555428	0.5068556361297145	0.655176155769843	-0.00624639402361765	-0.009826311810816776	0.004015862272973313	-0.010485456743485201	0.0055397104215018	0.8481740738530201	0.8223576881956194	0.8624566292081978	0.8200738097948997	0.8651284091322176	0.780147307317101	0.7589725687581695	0.80673542636103	0.7578971560001098	0.8097005723053632	0.9344189213385969	0.931618508137583	0.9373539213784096	0.9313533669056228	0.937878016185679	0.0804845686224149	0.06524779698195265	0.08509329529645814	0.06447192160065787	0.08592400587783278	0.1288780803330311	0.1176401699897821	0.14705782841509044	0.11691712296886961	0.1510950821651037	0.8420204271039412	0.8312124106892238	0.8752177378731945	0.828535542213628	0.8800199980152499	0.8070990708738479	0.7841007043690287	0.8312168848050764	0.7829243647348667	0.8405714232416914	0.9591532840802599	0.9559941832216827	0.9610568754958354	0.9554020388689056	0.962005114559568	0.10255298800531282	0.08594851684697775	0.11059884733927308	0.08429263983500382	0.11099797579991352	0.18630819424883374	0.16635481024732784	0.1989824889160689	0.1614701293318654	0.20001440629625056	0.7	signature (Gsig) coverage
