ensembl_id	n_samples	mean	std
ENSG00000164398.12	19131	-1.0309869117309507	2.9649875553321
ENSG00000281938.1	19131	-8.30040349754058	2.737296309506982
ENSG00000197976.10	19131	4.3746636577709905	1.1627920390776634
ENSGR0000197976.10	19131	-9.9658	0.0
ENSG00000196433.11	19131	-3.6231364022273076	2.9518291468290507
ENSGR0000196433.11	19131	-9.9658	0.0
ENSG00000169093.14	19131	4.288488917596742	0.9437874618843042
ENSGR0000169093.14	19131	-9.9658	0.0
ENSG00000180425.10	19131	2.458787756223163	1.1969639680709672
ENSG00000282682.1	19131	-0.40189556127428944	4.4485606023353075
ENSG00000241962.9	19131	-1.80270054073519	2.2725041141730746
ENSG00000273045.5	19131	-0.11707634193441414	2.146210069698408
ENSG00000160200.17	19131	2.714387403591847	2.657185959704834
ENSG00000274276.4	19131	-0.5291160542496921	4.4198595231102775
ENSG00000150076.22	19131	-2.1975669248595886	1.9262904972930273
ENSG00000216937.11	19131	-0.13928360792718592	1.3334468141928426
ENSG00000002586.17	19131	7.5466038975039185	1.358026088248491
ENSGR0000002586.17	19131	-9.9658	0.0
ENSG00000188603.16	19131	5.038252595919036	1.0972051946456294
ENSG00000261832.4	19131	-2.623809902323475	2.7611509216061343
ENSG00000205755.10	19131	-5.0899591149136025	3.4820719959372872
ENSGR0000205755.10	19131	-9.9658	0.0
ENSG00000198223.14	19131	1.5457647680641262	2.2290315746176588
ENSGR0000198223.14	19131	-9.9658	0.0
ENSG00000114395.10	19131	3.812564655394796	1.1633293876155442
ENSG00000271858.5	19131	0.8638687414885609	2.0002571070140096
ENSG00000169084.12	19131	3.6502257634043946	1.0652873454424467
ENSGR0000169084.12	19131	-9.9658	0.0
ENSG00000249751.3	19131	2.7250575053287807	2.871021641964862
ENSG00000279686.1	19131	-7.468641631386767	3.753807805646448
ENSG00000166897.14	19131	-3.0526490633928938	3.68816595577178
ENSG00000243902.6	19131	-7.1888294886178965	3.440651113895218
ENSG00000188878.16	19131	2.3074403768012957	1.336842728784315
ENSG00000281844.1	19131	-1.4733309968854063	2.4638378516342048
ENSG00000178605.12	19131	4.940311047569321	1.002536613490792
ENSGR0000178605.12	19131	-9.9658	0.0
ENSG00000160223.16	19131	1.0315937798024652	1.5661149105409267
ENSG00000277117.4	19131	0.4046960138676438	2.116134337696431
ENSG00000010404.17	19131	5.004306202757103	1.333007245519106
ENSG00000241489.7	19131	1.4546986002936582	2.1190913880635724
ENSG00000185291.10	19131	2.0698842315758177	1.6423701632848318
ENSGR0000185291.10	19131	-9.9658	0.0
ENSG00000124334.16	19131	-2.53615816392765	2.6573201617286317
ENSGR0000124334.16	19131	-9.9658	0.0
ENSG00000015479.17	19131	6.705972731492936	1.1701942359340125
ENSG00000280987.2	19131	2.6819718702852997	1.202534790129587
ENSG00000239789.5	19131	3.4457307389310246	1.1269900790108094
ENSG00000249773.3	19131	-2.5888687045797707	3.119115471906753
ENSG00000136371.9	19131	4.504248740239225	1.2245596414595634
ENSG00000261229.5	19131	-2.398871996669815	2.0418468290332075
ENSG00000167774.2	19131	-8.120422986326085	4.048089452628181
ENSG00000267855.5	19131	6.146196077260048	1.044608534286966
ENSG00000183793.13	19131	3.0293710203257875	2.4233395690366963
ENSG00000183889.12	19131	6.400312340672981	1.503038678892509
ENSG00000182162.9	19131	-0.03903469035664913	2.5081609287954487
ENSGR0000182162.9	19131	-9.9658	0.0
ENSG00000137843.11	19131	-0.48410135365075824	3.647423030210845
ENSG00000259288.5	19131	-1.0745729269621234	3.6324366001148047
ENSG00000038210.12	19131	2.525701888998574	1.400238956737132
ENSG00000281028.1	19131	-7.017774805698381	4.411267320320452
ENSG00000105647.14	19131	4.347542393136438	1.305514071113164
ENSG00000268173.1	19131	-7.314145033850121	3.6267519075209442
ENSG00000117461.14	19131	2.74861105460804	1.8978134506677535
ENSG00000278139.1	19131	-9.71404350903998	1.5754837930400023
ENSG00000182378.12	19131	2.738606019190193	1.3658215750521865
ENSGR0000182378.12	19131	-9.9658	0.0
ENSG00000228049.7	19131	-0.23001931491997743	1.672997365268731
ENSG00000267645.5	19131	2.0921830059514837	3.717450468595314
ENSG00000167393.16	19131	3.5020181036152938	1.3490360689112053
ENSGR0000167393.16	19131	-9.9658	0.0
ENSG00000129084.17	19131	6.562390990687247	0.9405455049770104
ENSG00000256206.2	19131	-3.885280196546161	3.5083948529215228
ENSG00000106588.10	19131	6.556380893583819	1.0995462128414557
ENSG00000256646.7	19131	2.9834080130722698	1.1777697129401108
ENSG00000143248.12	19131	4.652251577845657	2.5819892313482473
ENSG00000232995.7	19131	0.7853744636136301	1.3923226174538723
ENSG00000229117.8	19131	11.079721927475388	1.1794881321254107
ENSG00000279483.1	19131	11.1459952562825	1.4280307996543686
ENSG00000163684.11	19131	2.621193672149167	0.9322223894022922
ENSG00000255154.7	19131	1.7495313572055566	1.2150286585932903
ENSG00000196136.16	19131	2.417082651733876	4.508763511831694
ENSG00000273259.2	19131	3.235375323864159	5.13972428759723
ENSG00000185960.12	19131	-7.749697602444748	3.1902121724708654
ENSGR0000185960.12	19131	-9.9658	0.0
ENSG00000169100.12	19131	8.030894278462359	1.1796852654755439
ENSGR0000169100.12	19131	-9.9658	0.0
ENSG00000214265.11	19131	-4.477460191748892	3.4581809923243263
ENSG00000273173.5	19131	1.4300413682578437	2.637982383373133
ENSG00000214338.10	19131	-3.8295049533095016	3.1909603578348595
ENSG00000255330.8	19131	-1.848003900899552	3.3213190810676836
ENSG00000182957.15	19131	2.612632560160014	1.4416530423369982
ENSG00000228741.2	19131	-5.578660330023478	3.1385150821598273
ENSG00000168939.10	19131	-1.4371848260149518	1.3256824658909414
ENSGR0000168939.10	19131	-9.9658	0.0
ENSG00000120948.15	19131	6.667581119049608	1.003871852418117
ENSG00000277726.4	19131	-3.803526655130743	3.7964692352948335
ENSG00000132286.11	19131	3.890142847726821	0.9826070545815483
ENSG00000265264.5	19131	-6.301371039012598	3.984698099869738
ENSG00000155957.16	19131	6.136735966764382	1.1241410878525036
ENSG00000282031.1	19131	-2.1943892756852583	6.36997636867004
ENSG00000196689.10	19131	-0.9017252752755607	2.376782492549282
ENSG00000262304.1	19131	0.32519243278193477	2.7537721173436953
ENSG00000198211.8	19131	-4.836986446586375	4.394800875034002
ENSG00000258947.6	19131	2.983671825896509	3.32159328860718
ENSG00000124333.14	19131	4.119685689922312	1.0165326719783165
ENSGR0000124333.14	19131	-9.9658	0.0
ENSG00000214717.9	19131	3.998482172372801	1.0126390842472355
ENSGR0000214717.9	19131	-9.9658	0.0
ENSG00000187607.15	19131	2.491194866477848	1.2646241129015026
ENSG00000255104.7	19131	-4.604608998149699	3.494019745397491
