gene_symbol	n_occurrences	n_frozen_feature_tokens	frozen_feature_index	original_source_ids	source_id_type	reported_n_rows_in_01	resolution_rule	note	kept_source_id_max_mean	dropped_source_id	max_over_min_row_mean
ACSL6	2	1	168	ENSG00000164398.12;ENSG00000281938.1	Ensembl (probeMap_gencode.v23)	2	keep row with max mean expression (01_prepare_expression.py:177)	源矩阵层面重复；冻结词表唯一 ⇒ package 的 symbol 输入无歧义。若在 Ensembl 层自行合并多行，取值可能与该 token 训练时所见不同。	ENSG00000164398.12	ENSG00000281938.1	inf
AKAP17A	2	1	414	ENSG00000197976.10;ENSGR0000197976.10	Ensembl (probeMap_gencode.v23)	2	keep row with max mean expression (01_prepare_expression.py:177)	源矩阵层面重复；冻结词表唯一 ⇒ package 的 symbol 输入无歧义。若在 Ensembl 层自行合并多行，取值可能与该 token 训练时所见不同。	ENSG00000197976.10	ENSGR0000197976.10	inf
ASMT	2	1	978	ENSG00000196433.11;ENSGR0000196433.11	Ensembl (probeMap_gencode.v23)	2	keep row with max mean expression (01_prepare_expression.py:177)	源矩阵层面重复；冻结词表唯一 ⇒ package 的 symbol 输入无歧义。若在 Ensembl 层自行合并多行，取值可能与该 token 训练时所见不同。	ENSG00000196433.11	ENSGR0000196433.11	inf
ASMTL	2	1	979	ENSG00000169093.14;ENSGR0000169093.14	Ensembl (probeMap_gencode.v23)	2	keep row with max mean expression (01_prepare_expression.py:177)	源矩阵层面重复；冻结词表唯一 ⇒ package 的 symbol 输入无歧义。若在 Ensembl 层自行合并多行，取值可能与该 token 训练时所见不同。	ENSG00000169093.14	ENSGR0000169093.14	inf
C11orf71	2	1	1499	ENSG00000180425.10;ENSG00000282682.1	Ensembl (probeMap_gencode.v23)	2	keep row with max mean expression (01_prepare_expression.py:177)	源矩阵层面重复；冻结词表唯一 ⇒ package 的 symbol 输入无歧义。若在 Ensembl 层自行合并多行，取值可能与该 token 训练时所见不同。	ENSG00000180425.10	ENSG00000282682.1	inf
C2orf15	2	1	1633	ENSG00000241962.9;ENSG00000273045.5	Ensembl (probeMap_gencode.v23)	2	keep row with max mean expression (01_prepare_expression.py:177)	源矩阵层面重复；冻结词表唯一 ⇒ package 的 symbol 输入无歧义。若在 Ensembl 层自行合并多行，取值可能与该 token 训练时所见不同。	ENSG00000273045.5	ENSG00000241962.9	inf
CBS	2	1	1923	ENSG00000160200.17;ENSG00000274276.4	Ensembl (probeMap_gencode.v23)	2	keep row with max mean expression (01_prepare_expression.py:177)	源矩阵层面重复；冻结词表唯一 ⇒ package 的 symbol 输入无歧义。若在 Ensembl 层自行合并多行，取值可能与该 token 训练时所见不同。	ENSG00000160200.17	ENSG00000274276.4	inf
CCDC7	2	1	2033	ENSG00000150076.22;ENSG00000216937.11	Ensembl (probeMap_gencode.v23)	2	keep row with max mean expression (01_prepare_expression.py:177)	源矩阵层面重复；冻结词表唯一 ⇒ package 的 symbol 输入无歧义。若在 Ensembl 层自行合并多行，取值可能与该 token 训练时所见不同。	ENSG00000216937.11	ENSG00000150076.22	inf
CD99	2	1	2219	ENSG00000002586.17;ENSGR0000002586.17	Ensembl (probeMap_gencode.v23)	2	keep row with max mean expression (01_prepare_expression.py:177)	源矩阵层面重复；冻结词表唯一 ⇒ package 的 symbol 输入无歧义。若在 Ensembl 层自行合并多行，取值可能与该 token 训练时所见不同。	ENSG00000002586.17	ENSGR0000002586.17	inf
CLN3	2	1	2704	ENSG00000188603.16;ENSG00000261832.4	Ensembl (probeMap_gencode.v23)	2	keep row with max mean expression (01_prepare_expression.py:177)	源矩阵层面重复；冻结词表唯一 ⇒ package 的 symbol 输入无歧义。若在 Ensembl 层自行合并多行，取值可能与该 token 训练时所见不同。	ENSG00000188603.16	ENSG00000261832.4	inf
CRLF2	2	1	3050	ENSG00000205755.10;ENSGR0000205755.10	Ensembl (probeMap_gencode.v23)	2	keep row with max mean expression (01_prepare_expression.py:177)	源矩阵层面重复；冻结词表唯一 ⇒ package 的 symbol 输入无歧义。若在 Ensembl 层自行合并多行，取值可能与该 token 训练时所见不同。	ENSG00000205755.10	ENSGR0000205755.10	inf
CSF2RA	2	1	3089	ENSG00000198223.14;ENSGR0000198223.14	Ensembl (probeMap_gencode.v23)	2	keep row with max mean expression (01_prepare_expression.py:177)	源矩阵层面重复；冻结词表唯一 ⇒ package 的 symbol 输入无歧义。若在 Ensembl 层自行合并多行，取值可能与该 token 训练时所见不同。	ENSG00000198223.14	ENSGR0000198223.14	inf
CYB561D2	2	1	3242	ENSG00000114395.10;ENSG00000271858.5	Ensembl (probeMap_gencode.v23)	2	keep row with max mean expression (01_prepare_expression.py:177)	源矩阵层面重复；冻结词表唯一 ⇒ package 的 symbol 输入无歧义。若在 Ensembl 层自行合并多行，取值可能与该 token 训练时所见不同。	ENSG00000114395.10	ENSG00000271858.5	4.4134
DHRSX	2	1	3552	ENSG00000169084.12;ENSGR0000169084.12	Ensembl (probeMap_gencode.v23)	2	keep row with max mean expression (01_prepare_expression.py:177)	源矩阵层面重复；冻结词表唯一 ⇒ package 的 symbol 输入无歧义。若在 Ensembl 层自行合并多行，取值可能与该 token 训练时所见不同。	ENSG00000169084.12	ENSGR0000169084.12	inf
ECSCR	2	1	3935	ENSG00000249751.3;ENSG00000279686.1	Ensembl (probeMap_gencode.v23)	2	keep row with max mean expression (01_prepare_expression.py:177)	源矩阵层面重复；冻结词表唯一 ⇒ package 的 symbol 输入无歧义。若在 Ensembl 层自行合并多行，取值可能与该 token 训练时所见不同。	ENSG00000249751.3	ENSG00000279686.1	inf
ELFN2	2	1	4089	ENSG00000166897.14;ENSG00000243902.6	Ensembl (probeMap_gencode.v23)	2	keep row with max mean expression (01_prepare_expression.py:177)	源矩阵层面重复；冻结词表唯一 ⇒ package 的 symbol 输入无歧义。若在 Ensembl 层自行合并多行，取值可能与该 token 训练时所见不同。	ENSG00000166897.14	ENSG00000243902.6	inf
FBF1	2	1	4614	ENSG00000188878.16;ENSG00000281844.1	Ensembl (probeMap_gencode.v23)	2	keep row with max mean expression (01_prepare_expression.py:177)	源矩阵层面重复；冻结词表唯一 ⇒ package 的 symbol 输入无歧义。若在 Ensembl 层自行合并多行，取值可能与该 token 训练时所见不同。	ENSG00000188878.16	ENSG00000281844.1	inf
GTPBP6	2	1	5653	ENSG00000178605.12;ENSGR0000178605.12	Ensembl (probeMap_gencode.v23)	2	keep row with max mean expression (01_prepare_expression.py:177)	源矩阵层面重复；冻结词表唯一 ⇒ package 的 symbol 输入无歧义。若在 Ensembl 层自行合并多行，取值可能与该 token 训练时所见不同。	ENSG00000178605.12	ENSGR0000178605.12	inf
ICOSLG	2	1	6125	ENSG00000160223.16;ENSG00000277117.4	Ensembl (probeMap_gencode.v23)	2	keep row with max mean expression (01_prepare_expression.py:177)	源矩阵层面重复；冻结词表唯一 ⇒ package 的 symbol 输入无歧义。若在 Ensembl 层自行合并多行，取值可能与该 token 训练时所见不同。	ENSG00000160223.16	ENSG00000277117.4	2.5491
IDS	2	1	6140	ENSG00000010404.17;ENSG00000241489.7	Ensembl (probeMap_gencode.v23)	2	keep row with max mean expression (01_prepare_expression.py:177)	源矩阵层面重复；冻结词表唯一 ⇒ package 的 symbol 输入无歧义。若在 Ensembl 层自行合并多行，取值可能与该 token 训练时所见不同。	ENSG00000010404.17	ENSG00000241489.7	3.4401
IL3RA	2	1	6328	ENSG00000185291.10;ENSGR0000185291.10	Ensembl (probeMap_gencode.v23)	2	keep row with max mean expression (01_prepare_expression.py:177)	源矩阵层面重复；冻结词表唯一 ⇒ package 的 symbol 输入无歧义。若在 Ensembl 层自行合并多行，取值可能与该 token 训练时所见不同。	ENSG00000185291.10	ENSGR0000185291.10	inf
IL9R	2	1	6340	ENSG00000124334.16;ENSGR0000124334.16	Ensembl (probeMap_gencode.v23)	2	keep row with max mean expression (01_prepare_expression.py:177)	源矩阵层面重复；冻结词表唯一 ⇒ package 的 symbol 输入无歧义。若在 Ensembl 层自行合并多行，取值可能与该 token 训练时所见不同。	ENSG00000124334.16	ENSGR0000124334.16	inf
MATR3	2	1	7648	ENSG00000015479.17;ENSG00000280987.2	Ensembl (probeMap_gencode.v23)	2	keep row with max mean expression (01_prepare_expression.py:177)	源矩阵层面重复；冻结词表唯一 ⇒ package 的 symbol 输入无歧义。若在 Ensembl 层自行合并多行，取值可能与该 token 训练时所见不同。	ENSG00000015479.17	ENSG00000280987.2	2.5004
MRPS17	2	1	8121	ENSG00000239789.5;ENSG00000249773.3	Ensembl (probeMap_gencode.v23)	2	keep row with max mean expression (01_prepare_expression.py:177)	源矩阵层面重复；冻结词表唯一 ⇒ package 的 symbol 输入无歧义。若在 Ensembl 层自行合并多行，取值可能与该 token 训练时所见不同。	ENSG00000239789.5	ENSG00000249773.3	inf
MTHFS	2	1	8222	ENSG00000136371.9;ENSG00000261229.5	Ensembl (probeMap_gencode.v23)	2	keep row with max mean expression (01_prepare_expression.py:177)	源矩阵层面重复；冻结词表唯一 ⇒ package 的 symbol 输入无歧义。若在 Ensembl 层自行合并多行，取值可能与该 token 训练时所见不同。	ENSG00000136371.9	ENSG00000261229.5	inf
NDUFA7	2	1	8541	ENSG00000167774.2;ENSG00000267855.5	Ensembl (probeMap_gencode.v23)	2	keep row with max mean expression (01_prepare_expression.py:177)	源矩阵层面重复；冻结词表唯一 ⇒ package 的 symbol 输入无歧义。若在 Ensembl 层自行合并多行，取值可能与该 token 训练时所见不同。	ENSG00000267855.5	ENSG00000167774.2	inf
NPIPA5	2	1	8842	ENSG00000183793.13;ENSG00000183889.12	Ensembl (probeMap_gencode.v23)	2	keep row with max mean expression (01_prepare_expression.py:177)	源矩阵层面重复；冻结词表唯一 ⇒ package 的 symbol 输入无歧义。若在 Ensembl 层自行合并多行，取值可能与该 token 训练时所见不同。	ENSG00000183889.12	ENSG00000183793.13	2.1128
P2RY8	2	1	9243	ENSG00000182162.9;ENSGR0000182162.9	Ensembl (probeMap_gencode.v23)	2	keep row with max mean expression (01_prepare_expression.py:177)	源矩阵层面重复；冻结词表唯一 ⇒ package 的 symbol 输入无歧义。若在 Ensembl 层自行合并多行，取值可能与该 token 训练时所见不同。	ENSG00000182162.9	ENSGR0000182162.9	inf
PAK6	2	1	9287	ENSG00000137843.11;ENSG00000259288.5	Ensembl (probeMap_gencode.v23)	2	keep row with max mean expression (01_prepare_expression.py:177)	源矩阵层面重复；冻结词表唯一 ⇒ package 的 symbol 输入无歧义。若在 Ensembl 层自行合并多行，取值可能与该 token 训练时所见不同。	ENSG00000137843.11	ENSG00000259288.5	inf
PI4K2B	2	1	9722	ENSG00000038210.12;ENSG00000281028.1	Ensembl (probeMap_gencode.v23)	2	keep row with max mean expression (01_prepare_expression.py:177)	源矩阵层面重复；冻结词表唯一 ⇒ package 的 symbol 输入无歧义。若在 Ensembl 层自行合并多行，取值可能与该 token 训练时所见不同。	ENSG00000038210.12	ENSG00000281028.1	inf
PIK3R2	2	1	9772	ENSG00000105647.14;ENSG00000268173.1	Ensembl (probeMap_gencode.v23)	2	keep row with max mean expression (01_prepare_expression.py:177)	源矩阵层面重复；冻结词表唯一 ⇒ package 的 symbol 输入无歧义。若在 Ensembl 层自行合并多行，取值可能与该 token 训练时所见不同。	ENSG00000105647.14	ENSG00000268173.1	inf
PIK3R3	2	1	9773	ENSG00000117461.14;ENSG00000278139.1	Ensembl (probeMap_gencode.v23)	2	keep row with max mean expression (01_prepare_expression.py:177)	源矩阵层面重复；冻结词表唯一 ⇒ package 的 symbol 输入无歧义。若在 Ensembl 层自行合并多行，取值可能与该 token 训练时所见不同。	ENSG00000117461.14	ENSG00000278139.1	inf
PLCXD1	2	1	9885	ENSG00000182378.12;ENSGR0000182378.12	Ensembl (probeMap_gencode.v23)	2	keep row with max mean expression (01_prepare_expression.py:177)	源矩阵层面重复；冻结词表唯一 ⇒ package 的 symbol 输入无歧义。若在 Ensembl 层自行合并多行，取值可能与该 token 训练时所见不同。	ENSG00000182378.12	ENSGR0000182378.12	inf
POLR2J2	2	1	10060	ENSG00000228049.7;ENSG00000267645.5	Ensembl (probeMap_gencode.v23)	2	keep row with max mean expression (01_prepare_expression.py:177)	源矩阵层面重复；冻结词表唯一 ⇒ package 的 symbol 输入无歧义。若在 Ensembl 层自行合并多行，取值可能与该 token 训练时所见不同。	ENSG00000267645.5	ENSG00000228049.7	inf
PPP2R3B	2	1	10216	ENSG00000167393.16;ENSGR0000167393.16	Ensembl (probeMap_gencode.v23)	2	keep row with max mean expression (01_prepare_expression.py:177)	源矩阵层面重复；冻结词表唯一 ⇒ package 的 symbol 输入无歧义。若在 Ensembl 层自行合并多行，取值可能与该 token 训练时所见不同。	ENSG00000167393.16	ENSGR0000167393.16	inf
PSMA1	2	1	10432	ENSG00000129084.17;ENSG00000256206.2	Ensembl (probeMap_gencode.v23)	2	keep row with max mean expression (01_prepare_expression.py:177)	源矩阵层面重复；冻结词表唯一 ⇒ package 的 symbol 输入无歧义。若在 Ensembl 层自行合并多行，取值可能与该 token 训练时所见不同。	ENSG00000129084.17	ENSG00000256206.2	inf
PSMA2	2	1	10433	ENSG00000106588.10;ENSG00000256646.7	Ensembl (probeMap_gencode.v23)	2	keep row with max mean expression (01_prepare_expression.py:177)	源矩阵层面重复；冻结词表唯一 ⇒ package 的 symbol 输入无歧义。若在 Ensembl 层自行合并多行，取值可能与该 token 训练时所见不同。	ENSG00000106588.10	ENSG00000256646.7	2.1976
RGS5	2	1	11031	ENSG00000143248.12;ENSG00000232995.7	Ensembl (probeMap_gencode.v23)	2	keep row with max mean expression (01_prepare_expression.py:177)	源矩阵层面重复；冻结词表唯一 ⇒ package 的 symbol 输入无歧义。若在 Ensembl 层自行合并多行，取值可能与该 token 训练时所见不同。	ENSG00000143248.12	ENSG00000232995.7	5.9236
RPL41	2	1	11307	ENSG00000229117.8;ENSG00000279483.1	Ensembl (probeMap_gencode.v23)	2	keep row with max mean expression (01_prepare_expression.py:177)	源矩阵层面重复；冻结词表唯一 ⇒ package 的 symbol 输入无歧义。若在 Ensembl 层自行合并多行，取值可能与该 token 训练时所见不同。	ENSG00000279483.1	ENSG00000229117.8	1.006
RPP14	2	1	11320	ENSG00000163684.11;ENSG00000255154.7	Ensembl (probeMap_gencode.v23)	2	keep row with max mean expression (01_prepare_expression.py:177)	源矩阵层面重复；冻结词表唯一 ⇒ package 的 symbol 输入无歧义。若在 Ensembl 层自行合并多行，取值可能与该 token 训练时所见不同。	ENSG00000163684.11	ENSG00000255154.7	1.4982
SERPINA3	2	1	11753	ENSG00000196136.16;ENSG00000273259.2	Ensembl (probeMap_gencode.v23)	2	keep row with max mean expression (01_prepare_expression.py:177)	源矩阵层面重复；冻结词表唯一 ⇒ package 的 symbol 输入无歧义。若在 Ensembl 层自行合并多行，取值可能与该 token 训练时所见不同。	ENSG00000273259.2	ENSG00000196136.16	1.3385
SHOX	2	1	11923	ENSG00000185960.12;ENSGR0000185960.12	Ensembl (probeMap_gencode.v23)	2	keep row with max mean expression (01_prepare_expression.py:177)	源矩阵层面重复；冻结词表唯一 ⇒ package 的 symbol 输入无歧义。若在 Ensembl 层自行合并多行，取值可能与该 token 训练时所见不同。	ENSG00000185960.12	ENSGR0000185960.12	inf
SLC25A6	2	1	12130	ENSG00000169100.12;ENSGR0000169100.12	Ensembl (probeMap_gencode.v23)	2	keep row with max mean expression (01_prepare_expression.py:177)	源矩阵层面重复；冻结词表唯一 ⇒ package 的 symbol 输入无歧义。若在 Ensembl 层自行合并多行，取值可能与该 token 训练时所见不同。	ENSG00000169100.12	ENSGR0000169100.12	inf
SNURF	2	1	12508	ENSG00000214265.11;ENSG00000273173.5	Ensembl (probeMap_gencode.v23)	2	keep row with max mean expression (01_prepare_expression.py:177)	源矩阵层面重复；冻结词表唯一 ⇒ package 的 symbol 输入无歧义。若在 Ensembl 层自行合并多行，取值可能与该 token 训练时所见不同。	ENSG00000273173.5	ENSG00000214265.11	inf
SOGA3	2	1	12553	ENSG00000214338.10;ENSG00000255330.8	Ensembl (probeMap_gencode.v23)	2	keep row with max mean expression (01_prepare_expression.py:177)	源矩阵层面重复；冻结词表唯一 ⇒ package 的 symbol 输入无歧义。若在 Ensembl 层自行合并多行，取值可能与该 token 训练时所见不同。	ENSG00000255330.8	ENSG00000214338.10	inf
SPATA13	2	1	12616	ENSG00000182957.15;ENSG00000228741.2	Ensembl (probeMap_gencode.v23)	2	keep row with max mean expression (01_prepare_expression.py:177)	源矩阵层面重复；冻结词表唯一 ⇒ package 的 symbol 输入无歧义。若在 Ensembl 层自行合并多行，取值可能与该 token 训练时所见不同。	ENSG00000182957.15	ENSG00000228741.2	inf
SPRY3	2	1	12710	ENSG00000168939.10;ENSGR0000168939.10	Ensembl (probeMap_gencode.v23)	2	keep row with max mean expression (01_prepare_expression.py:177)	源矩阵层面重复；冻结词表唯一 ⇒ package 的 symbol 输入无歧义。若在 Ensembl 层自行合并多行，取值可能与该 token 训练时所见不同。	ENSG00000168939.10	ENSGR0000168939.10	inf
TARDBP	2	1	13152	ENSG00000120948.15;ENSG00000277726.4	Ensembl (probeMap_gencode.v23)	2	keep row with max mean expression (01_prepare_expression.py:177)	源矩阵层面重复；冻结词表唯一 ⇒ package 的 symbol 输入无歧义。若在 Ensembl 层自行合并多行，取值可能与该 token 训练时所见不同。	ENSG00000120948.15	ENSG00000277726.4	inf
TIMM10B	2	1	13465	ENSG00000132286.11;ENSG00000265264.5	Ensembl (probeMap_gencode.v23)	2	keep row with max mean expression (01_prepare_expression.py:177)	源矩阵层面重复；冻结词表唯一 ⇒ package 的 symbol 输入无歧义。若在 Ensembl 层自行合并多行，取值可能与该 token 训练时所见不同。	ENSG00000132286.11	ENSG00000265264.5	inf
TMBIM4	2	1	13541	ENSG00000155957.16;ENSG00000282031.1	Ensembl (probeMap_gencode.v23)	2	keep row with max mean expression (01_prepare_expression.py:177)	源矩阵层面重复；冻结词表唯一 ⇒ package 的 symbol 输入无歧义。若在 Ensembl 层自行合并多行，取值可能与该 token 训练时所见不同。	ENSG00000155957.16	ENSG00000282031.1	inf
TRPV1	2	1	14121	ENSG00000196689.10;ENSG00000262304.1	Ensembl (probeMap_gencode.v23)	2	keep row with max mean expression (01_prepare_expression.py:177)	源矩阵层面重复；冻结词表唯一 ⇒ package 的 symbol 输入无歧义。若在 Ensembl 层自行合并多行，取值可能与该 token 训练时所见不同。	ENSG00000262304.1	ENSG00000196689.10	inf
TUBB3	2	1	14270	ENSG00000198211.8;ENSG00000258947.6	Ensembl (probeMap_gencode.v23)	2	keep row with max mean expression (01_prepare_expression.py:177)	源矩阵层面重复；冻结词表唯一 ⇒ package 的 symbol 输入无歧义。若在 Ensembl 层自行合并多行，取值可能与该 token 训练时所见不同。	ENSG00000258947.6	ENSG00000198211.8	inf
VAMP7	2	1	14606	ENSG00000124333.14;ENSGR0000124333.14	Ensembl (probeMap_gencode.v23)	2	keep row with max mean expression (01_prepare_expression.py:177)	源矩阵层面重复；冻结词表唯一 ⇒ package 的 symbol 输入无歧义。若在 Ensembl 层自行合并多行，取值可能与该 token 训练时所见不同。	ENSG00000124333.14	ENSGR0000124333.14	inf
ZBED1	2	1	14963	ENSG00000214717.9;ENSGR0000214717.9	Ensembl (probeMap_gencode.v23)	2	keep row with max mean expression (01_prepare_expression.py:177)	源矩阵层面重复；冻结词表唯一 ⇒ package 的 symbol 输入无歧义。若在 Ensembl 层自行合并多行，取值可能与该 token 训练时所见不同。	ENSG00000214717.9	ENSGR0000214717.9	inf
ZNF286A	2	1	15271	ENSG00000187607.15;ENSG00000255104.7	Ensembl (probeMap_gencode.v23)	2	keep row with max mean expression (01_prepare_expression.py:177)	源矩阵层面重复；冻结词表唯一 ⇒ package 的 symbol 输入无歧义。若在 Ensembl 层自行合并多行，取值可能与该 token 训练时所见不同。	ENSG00000187607.15	ENSG00000255104.7	inf
